module_id,module,phenotypes,selection_pressures,ecological_mechanisms,current_evidence,evolutionary_test,fitness_endpoint,current_status,claim_boundary
M1,display_quantity,"capitulum size; simultaneous open heads; seasonal head production; neighbour display/density","pollinator opportunity; local flowering density; resource limitation; florivore/seed-predator apparency","pollinator discovery/probing/effective contact; enemy discovery; allocation","C. purpuratum supports pollinator benefit plus predispersal seed-predator cost with density dependence","map continuous/display states on ancestry; test repeated local optima and module-specific rate/context","filled achenes per head and per plant",working_tradeoff_hypothesis,"do not assume bigger/more heads is universally fitter"
M2,orientation,"continuous gravity angle; erect/upward; true nodding/downward; peduncle architecture","rain/wetting; UV; temperature/time window; wind if justified; pollinator opportunity; antagonist exposure","time-resolved effective pollination; pollen/reproductive-organ protection; enemy access","all six current accepted topology alternatives require >=5 state changes among 17 resolved taxa","expand Japan-wide voucher-linked states; reconstruct transitions and repeated contexts","filled achenes plus pollen viability/deposition mediators",repeated_state_supported_mechanism_unresolved,"repeated state change is not yet parallel adaptation; ancestor/direction unresolved"
M3,phyllary_spine_defence,"phyllary posture/spread; spine length/direction/density; involucre architecture","florivores; predispersal seed predators; possible pollinator handling cost","physical exclusion/access limitation","general Cardueae/Asteraceae defence plausible; Azami image geometry only proxy","direct botanical traits on Japan-wide ancestry; repeated transition/context test after validation","antagonist damage; effective contact; filled achenes",candidate_requires_direct_trait_validation,"do not call image-derived spine-like geometry a defence trait"
M4,stickiness_mucilage,"sticky/mucilaginous state; quantitative stickiness where feasible","florivores/seed predators; possible visitor/resource cost","trapping/exclusion or access modification","direct C. discolor neutralization weakens generic reproductive-defence claim","map trait only if authority/voucher data support it; reopen if repeated context/function signal emerges","enemy damage and filled achenes if reopened",weakened_low_priority,"do not merge stickiness with spines into a generic defence score"
M5,flower_colour_pigmentation,"visible hue/saturation/intensity; UV phenotype; pigment concentration/chemistry","pollinator sensory environment; temperature/cold; UV/light; drought/oxidative stress; ancestry","effective pollination; thermal/UV/oxidative floral performance; retained pigment regulation","Azami global colour structure strong; East-Asian fixed-state panel currently C17/W3; transition direction unresolved","expand fixed-white breadth; map W/C and continuous pigmentation; test repeated environmental contexts and independent transitions","filled achenes; plus floral RNA/pigment molecular chain for independent transitions",high_priority_history_blocked_by_white_tip_breadth,"colder->darker is a testable hypothesis not a current Cirsium conclusion; do not call regain before direction is resolved"
M6,gross_architecture,"capitulum/involucre outline; compactness; validated structural dimensions","unknown until trait-specific mechanism identified","candidate handling/protection/resource pathways","Azami gross outline effects weaker/model-dependent","retain exploratory; promote only variables with direct botanical repeatability and mechanism","trait-specific if promoted",exploratory,"do not create a generic morphology score to maximize trait count"
H1,selection_mosaic,"cross-module context","pollinator opportunity; reproductive assurance; enemy pressure; abiotic exposure; density/resource context","module-specific functional leverage","five strict dual-agent programmes reject one universal dominant agent; reproductive assurance and demographic gating are context dependent","fit module x context interactions with ancestry and compare across repeated transitions","reproductive fitness then recruitment gate",central_working_hypothesis,"causal architecture not a fitted universal multiplicative law"
H2,modular_evolvability,"cross-module evolutionary covariance","standing variation; introgression; cytotype; shallow ancestry","semi-independent reuse/redeployment of capitulum modules","orientation repeated-state signal exists; other module histories not yet equivalently resolved","compare module-specific transition/context/fitness models against shared latent model out of sample","cross-module predictive performance plus focal fitness paths",central_evolutionary_hypothesis,"trait diversity alone does not prove modularity"
H3,common_lability_alternative,"shared latent whole-capitulum lability","shared genetic/developmental responsiveness","correlated multi-trait change without module-specific mechanisms","remains viable alternative","shared-latent versus module-specific ancestry-aware out-of-sample comparison","predictive fit",unresolved_competing_model,"must remain alive until multi-module evidence discriminates it"
