record_id,accepted_taxon,source_taxon_name,country,region,locality,latitude,longitude,population_id,observation_unit,observation_id,evidence_type,evidence_source,evidence_id,source_url,source_locator,observation_date,life_stage,assessable,colour_state,binary_colour_code,binary_collapse_rule,anthocyanin_visible,polymorphic_context,phylogeny_context,phylogeny_tip_candidate,rate_fit_eligible,rate_fit_exclusion_reason,evidence_status,lab_l,lab_a,lab_b,chroma,hue_deg,notes,review_status
ATL-A01,Cirsium brevicaule,Cirsium brevicaule,Japan,,,,,,taxon,Cirsium brevicaule,published_taxon_description,Chang et al. 2026,A01,https://doi.org/10.1186/s12870-026-08097-6,Background and taxonomic revision: C. brevicaule white corollas,,flower,yes,white,W,white/near_white->W; visible pink/purple/blue-purple->C,no,,Arenicola,yes,yes,,direct_taxon_text,,,,,,White corolla is explicitly contrasted with bluish-purple C. irumtiense.,reviewed
ATL-A02,Cirsium irumtiense,Cirsium irumtiense,Japan,,,,,,taxon,Cirsium irumtiense,published_taxon_description,Chang et al. 2026,A02,https://doi.org/10.1186/s12870-026-08097-6,Background and taxonomic revision: C. irumtiense bluish-purple/purple corollas,,flower,yes,purple,C,white/near_white->W; visible pink/purple/blue-purple->C,yes,,Arenicola,yes,yes,,direct_taxon_text,,,,,,Coloured state is coded C; this does not by itself imply regain.,reviewed
ATL-A03,Cirsium morii,Cirsium morii,Taiwan,,,,,,taxon,Cirsium morii,published_taxon_description,Chang et al. 2025,A03,https://doi.org/10.1186/s40529-025-00454-2,Identification key: C. morii light purple corollas,,flower,yes,purple,C,white/near_white->W; visible pink/purple/blue-purple->C,yes,,Nipponocirsium,yes,yes,,direct_taxon_text,,,,,,Chang et al. 2026 places C. morii at the base of Nipponocirsium rather than Arenicola.,reviewed
ATL-A04,Cirsium pengii,Cirsium pengii,Taiwan,,,,,,taxon,Cirsium pengii,published_taxon_description,Chang et al. 2025,A04,https://doi.org/10.1186/s40529-025-00454-2,Morphological results: bluish-purple corolla,,flower,yes,purple,C,white/near_white->W; visible pink/purple/blue-purple->C,yes,,Nipponocirsium,yes,yes,,direct_taxon_text,,,,,,Source-backed coloured sister-clade tip.,reviewed
ATL-A05,Cirsium kawakamii,Cirsium kawakamii,Taiwan,,,,,,taxon,Cirsium kawakamii,published_taxon_description,Chang et al. 2025,A05,https://doi.org/10.1186/s40529-025-00454-2,Morphological results: white corolla,,flower,yes,white,W,white/near_white->W; visible pink/purple/blue-purple->C,no,,Nipponocirsium,yes,yes,,direct_taxon_text,,,,,,Independent white tip in Nipponocirsium under the published topology.,reviewed
ATL-A06,Cirsium tatakaense,Cirsium tatakaense,Taiwan,,,,,,taxon,Cirsium tatakaense,published_taxon_description,Chang et al. 2025,A06,https://doi.org/10.1186/s40529-025-00454-2,Morphological results: bluish-purple corolla,,flower,yes,purple,C,white/near_white->W; visible pink/purple/blue-purple->C,yes,,Nipponocirsium,yes,yes,,direct_taxon_text,,,,,,Source-backed coloured sister-clade tip.,reviewed
ATL-S01,Cirsium japonicum var. albescens,Cirsium japonicum var. albescens,Taiwan,,,,,,taxon,Cirsium japonicum var. albescens,published_taxon_description,Chang et al. 2026,SIN01,https://doi.org/10.1186/s12870-026-08097-6,Morphological comparison states corolla color was white in var. albescens; taxonomic key states 'Corollas all white',,flower,yes,white,W,white/near_white->W; visible pink/purple/blue-purple->C,no,,Sinocirsium,yes,yes,,direct_taxon_text,,,,,,Binary state is fixed W in the source; this lineage is described as part of the Taiwanese white-flower clade.,reviewed
ATL-S02,Cirsium japonicum var. australe,Cirsium japonicum var. australe,Taiwan,,,,,,taxon,Cirsium japonicum var. australe,published_taxon_description,Chang et al. 2026,SIN02,https://doi.org/10.1186/s12870-026-08097-6,Morphological comparison states var. australe bears only bluish-purple flowers; taxonomic diagnosis states corollas are bluish-purple throughout,,flower,yes,blue_purple,C,white/near_white->W; visible pink/purple/blue-purple->C,yes,,Sinocirsium,yes,yes,,direct_taxon_text,,,,,,Source explicitly describes uniform bluish-purple flowers at the taxon level.,reviewed
ATL-S03,Cirsium japonicum var. fukienense,Cirsium japonicum var. fukienense,Taiwan,,,,,,taxon,Cirsium japonicum var. fukienense,published_taxon_description,Chang et al. 2026,SIN03,https://doi.org/10.1186/s12870-026-08097-6,Taxonomic key: corollas bluish-purple or less light purple; discussion notes rare pale-purple forms on Penghu,,flower,yes,blue_purple,C,white/near_white->W; visible pink/purple/blue-purple->C,yes,reported shade polymorphism remains within binary C,Sinocirsium,yes,yes,,direct_taxon_text,,,,,,"Fine shade varies from bluish-purple to pale-purple, but all reported states remain anthocyanin-coloured; binary C is therefore not collapsing a W/C polymorphism.",reviewed
ATL-T00,Cirsium japonicum var. takaoense,Cirsium japonicum var. takaoense,Taiwan,,,,,,taxon,Cirsium japonicum var. takaoense,derived_from_direct_morph_linked_samples,Chang et al. 2026 Figure 1 + public SRA/BioSample linkage,takaoense_direct_3W_3BP_aggregate,https://doi.org/10.1186/s12870-026-08097-6,Figure 1 direct labels: FC/TJ/NH=BP and WY/FB/LT=W; six voucher/run/BioSample links frozen in chang2026_takaoense_morph_linked_public_samples_v1.csv,,flower phenotype aggregated across six linked samples,yes,polymorphic,P,W/C polymorphism retained as P; never collapsed to a single species-level W or C state,unknown,directly observed 3 W and 3 BP/C samples across six localities,Sinocirsium/takaoense_within_variety,yes,no,taxon is directly W/C polymorphic; requires an explicit polymorphic-state model or within-variety genealogy,morph_and_public_accession_directly_linked,,,,,,Taxon-level aggregate exists to prevent accidental fixed-state coding while retaining sample-level records below.,reviewed
ATL-T01,Cirsium japonicum var. takaoense,Cirsium japonicum var. takaoense,Taiwan,Hualien County,Fengbin,23.666667,121.533333,FB,sample,FB_ccy3629,published_morph_linked_sample,Chang et al. 2026 Figure 1 + public SRA/BioSample linkage,SRR35152738|SAMN50798024|ccy3629,https://doi.org/10.1186/s12870-026-08097-6,Figure 1 labels FB-ccy3629 (W); SRA SRR35152738; BioSample SAMN50798024,,flower phenotype linked to young-leaf RNA sample,yes,white,W,published W->W; published BP/bluish-purple->C,no,same accepted variety contains directly linked W and BP samples,Sinocirsium/takaoense_within_variety,yes,no,sample-level morph record; not an independent species-tree tip and empirical within-variety topology is still being tested,morph_and_public_accession_directly_linked,,,,,,one plant per locality; non-random sampling; young-leaf RNA; not a floral expression replicate,reviewed
ATL-T02,Cirsium japonicum var. takaoense,Cirsium japonicum var. takaoense,Taiwan,Chiayi County,Fenchihu,23.500000,120.683333,FC,sample,FC_ccy3559,published_morph_linked_sample,Chang et al. 2026 Figure 1 + public SRA/BioSample linkage,SRR35152718|SAMN50798021|ccy3559,https://doi.org/10.1186/s12870-026-08097-6,Figure 1 labels FC-ccy3559 (BP); SRA SRR35152718; BioSample SAMN50798021,,flower phenotype linked to young-leaf RNA sample,yes,blue_purple,C,published W->W; published BP/bluish-purple->C,yes,same accepted variety contains directly linked W and BP samples,Sinocirsium/takaoense_within_variety,yes,no,sample-level morph record; not an independent species-tree tip and empirical within-variety topology is still being tested,morph_and_public_accession_directly_linked,,,,,,one plant per locality; non-random sampling; young-leaf RNA; not a floral expression replicate,reviewed
ATL-T03,Cirsium japonicum var. takaoense,Cirsium japonicum var. takaoense,Taiwan,Taitung County,Ludao,22.666667,121.500000,LT,sample,LT_ccy3839,published_morph_linked_sample,Chang et al. 2026 Figure 1 + public SRA/BioSample linkage,SRR35152734|SAMN50798028|ccy3839,https://doi.org/10.1186/s12870-026-08097-6,Figure 1 labels LT-ccy3839 (W); SRA SRR35152734; BioSample SAMN50798028,,flower phenotype linked to young-leaf RNA sample,yes,white,W,published W->W; published BP/bluish-purple->C,no,same accepted variety contains directly linked W and BP samples,Sinocirsium/takaoense_within_variety,yes,no,sample-level morph record; not an independent species-tree tip and empirical within-variety topology is still being tested,morph_and_public_accession_directly_linked,,,,,,one plant per locality; non-random sampling; young-leaf RNA; not a floral expression replicate,reviewed
ATL-T04,Cirsium japonicum var. takaoense,Cirsium japonicum var. takaoense,Taiwan,Taitung County,Nanheng,23.166667,121.033333,NH,sample,NH_ccy3835,published_morph_linked_sample,Chang et al. 2026 Figure 1 + public SRA/BioSample linkage,SRR35152735|SAMN50798027|ccy3835,https://doi.org/10.1186/s12870-026-08097-6,Figure 1 labels NH-ccy3835 (BP); SRA SRR35152735; BioSample SAMN50798027,,flower phenotype linked to young-leaf RNA sample,yes,blue_purple,C,published W->W; published BP/bluish-purple->C,yes,same accepted variety contains directly linked W and BP samples,Sinocirsium/takaoense_within_variety,yes,no,sample-level morph record; not an independent species-tree tip and empirical within-variety topology is still being tested,morph_and_public_accession_directly_linked,,,,,,one plant per locality; non-random sampling; young-leaf RNA; not a floral expression replicate,reviewed
ATL-T05,Cirsium japonicum var. takaoense,Cirsium japonicum var. takaoense,Taiwan,Kaohsiung City,Tengji,23.033333,120.700000,TJ,sample,TJ_ccy3807,published_morph_linked_sample,Chang et al. 2026 Figure 1 + public SRA/BioSample linkage,SRR35152736|SAMN50798026|ccy3807,https://doi.org/10.1186/s12870-026-08097-6,Figure 1 labels TJ-ccy3807 (BP); SRA SRR35152736; BioSample SAMN50798026,,flower phenotype linked to young-leaf RNA sample,yes,blue_purple,C,published W->W; published BP/bluish-purple->C,yes,same accepted variety contains directly linked W and BP samples,Sinocirsium/takaoense_within_variety,yes,no,sample-level morph record; not an independent species-tree tip and empirical within-variety topology is still being tested,morph_and_public_accession_directly_linked,,,,,,one plant per locality; non-random sampling; young-leaf RNA; not a floral expression replicate,reviewed
ATL-T06,Cirsium japonicum var. takaoense,Cirsium japonicum var. takaoense,Taiwan,Pingtung County,Wutai,22.733333,120.733333,WY,sample,WY_ccy3560,published_morph_linked_sample,Chang et al. 2026 Figure 1 + public SRA/BioSample linkage,SRR35152717|SAMN50798022|ccy3560,https://doi.org/10.1186/s12870-026-08097-6,Figure 1 labels WY-ccy3560 (W); SRA SRR35152717; BioSample SAMN50798022,,flower phenotype linked to young-leaf RNA sample,yes,white,W,published W->W; published BP/bluish-purple->C,no,same accepted variety contains directly linked W and BP samples,Sinocirsium/takaoense_within_variety,yes,no,sample-level morph record; not an independent species-tree tip and empirical within-variety topology is still being tested,morph_and_public_accession_directly_linked,,,,,,one plant per locality; non-random sampling; young-leaf RNA; not a floral expression replicate,reviewed
ATL-J01,Cirsium pendulum,Cirsium pendulum,Japan,,,,,,taxon,Cirsium pendulum,official_species_database,National Museum of Nature and Science Japan Cirsium database,タカアザミ,,Species page explicitly recognizes the white-flowered form シロバナタカアザミ,,flower,yes,polymorphic,P,candidate seed only; polymorphic is retained as P and unknown as U,unknown,Species page explicitly recognizes the white-flowered form シロバナタカアザミ,Japan_seed_unmapped,no,no,exact source URL/locator and nuclear-tree tip mapping have not yet been frozen,official_database_seed_pending_exact_provenance,,,,,,Tier_A_within_species,pending
ATL-J02,Cirsium yezoense,Cirsium yezoense,Japan,,,,,,taxon,Cirsium yezoense,official_species_database,National Museum of Nature and Science Japan Cirsium database,サワアザミ,,Bisexual florets described as pale reddish purple and female florets as dark reddish purple,,flower,yes,purple,C,candidate seed only; polymorphic is retained as P and unknown as U,yes,,Japan_seed_unmapped,no,no,exact source URL/locator and nuclear-tree tip mapping have not yet been frozen,official_database_seed_pending_exact_provenance,,,,,,coloured_context,pending
ATL-J03,Cirsium dipsacolepis,Cirsium dipsacolepis,Japan,,,,,,taxon,Cirsium dipsacolepis,official_species_database,National Museum of Nature and Science Japan Cirsium database,モリアザミ,,"Species page and photographs verified; page text does not explicitly state corolla colour, so state is not inferred from image here",,flower,no,unknown,U,candidate seed only; polymorphic is retained as P and unknown as U,unknown,,Japan_seed_unmapped,no,no,flower colour not textually coded; image/spectral review still required,official_database_seed_pending_exact_provenance,,,,,,needs_image_or_spectral_review,pending
