paper_japan_member_id,taxon,japan_origin_role,chromosome_2n,ploidy_x,evidence_scope,source,source_url,claim_boundary
JPN_02,Cirsium aidzuense,dominant_main_japanese_radiation,34,2,taxon_level,NMNS Japan Cirsium database,https://www.kahaku.go.jp/research/db/botany/azami/detail.html?no=1,"taxon-level cytotype; not exact sequenced individual or every population"
JPN_03,Cirsium alpicola,dominant_main_japanese_radiation,102,6,taxon_level,NMNS Japan Cirsium database,https://www.kahaku.go.jp/research/db/botany/azami/detail.html?no=145,"taxon-level cytotype; not exact sequenced individual or every population"
JPN_05,Cirsium aomorense,dominant_main_japanese_radiation,34,2,taxon_level,NMNS Japan Cirsium database,https://www.kahaku.go.jp/research/db/botany/azami/detail.html?no=2,"source-backed focal record already frozen in EAzami; not exact Moreyra individual"
JPN_06,Cirsium dipsacolepis,secondary_japanese_arrival_candidate,34,2,taxon_level,NMNS Japan Cirsium database,https://www.kahaku.go.jp/research/db/botany/azami/detail.html?no=151,"taxon-level cytotype; chromosome state does not explain secondary-arrival history"
JPN_17,Cirsium maritimum,dominant_main_japanese_radiation,34,2,taxon_level,NMNS Japan Cirsium database,https://www.kahaku.go.jp/research/db/botany/azami/detail.html?no=126,"taxon-level cytotype; not exact sequenced individual or every population"
JPN_19,Cirsium nippoense,dominant_main_japanese_radiation,68,4,taxon_level,NMNS Japan Cirsium database,https://www.kahaku.go.jp/research/db/botany/azami/detail.html?no=110,"taxon-level cytotype; source prints 2n=4x=68; not exact sequenced individual"
JPN_30,Cirsium yezoense,dominant_main_japanese_radiation,34,2,taxon_level,NMNS Japan Cirsium database,https://www.kahaku.go.jp/research/db/botany/azami/detail.html?no=60,"taxon-level cytotype; not exact sequenced individual or every population"
JPN_35,Cirsium nipponicum,dominant_main_japanese_radiation,68,4,taxon_level,NMNS Japan Cirsium database,https://www.kahaku.go.jp/research/db/botany/azami/detail.html?no=48,"source-backed focal record already frozen in EAzami; broad species cytotype not assigned to paper varieties"
JPN_36,Cirsium sieboldii,dominant_main_japanese_radiation,34,2,taxon_level,NMNS Japan Cirsium database,https://www.kahaku.go.jp/research/db/botany/azami/detail.html?no=46,"taxon-level cytotype; not exact sequenced individual or every population"
