paper_japan_member_id,taxon_name,obs_id,latitude,longitude,corolla_lab_lightness_median,corolla_lab_lightness_n_usable_heads
JPN_17,Cirsium maritimum,1459279,33.6929938914,135.3356974352,70.98039245605469,1
JPN_17,Cirsium maritimum,17458633,34.5797383333,137.0396888333,74.90196228027344,3
JPN_17,Cirsium maritimum,38502912,33.4375448884,135.7617628626,74.50980377197266,2
JPN_17,Cirsium maritimum,61399599,32.9471361111,132.9960944444,51.3725471496582,1
JPN_17,Cirsium maritimum,132950450,34.6026991667,135.9853641667,65.09803771972656,1
JPN_17,Cirsium maritimum,133799311,33.6813983333,135.3436066667,68.23529434204102,1
JPN_17,Cirsium maritimum,149793205,33.7247333333,135.3706416667,73.7254867553711,1
JPN_17,Cirsium maritimum,151758155,33.4893966667,135.8857766667,62.54901885986328,1
JPN_17,Cirsium maritimum,162028227,34.0615133333,136.18568,60.588233947753906,1
JPN_17,Cirsium maritimum,162152722,34.41231,135.7373333333,61.3725471496582,1
JPN_17,Cirsium maritimum,165879110,33.7779716667,135.2513,66.47058868408203,1
JPN_17,Cirsium maritimum,176813198,31.6503583333,131.3981533333,72.7450942993164,1
JPN_17,Cirsium maritimum,179468554,34.635405,139.816945,67.64705657958984,1
JPN_17,Cirsium maritimum,197925691,34.1184516667,136.2316233333,59.01960754394531,1
JPN_23,Cirsium oligophyllum,7568183,36.273084,139.257436,66.2745132446289,1
JPN_23,Cirsium oligophyllum,21209053,35.26570625,139.03010225,66.2745132446289,1
JPN_23,Cirsium oligophyllum,21223760,35.2661375,139.0291527778,61.17647171020508,1
JPN_23,Cirsium oligophyllum,23953626,35.501235,138.7583283333,63.23529434204102,1
JPN_23,Cirsium oligophyllum,25095798,35.4957933333,138.7589133333,65.49019622802734,1
JPN_23,Cirsium oligophyllum,26050423,35.5155566667,138.75145,66.2745132446289,1
JPN_23,Cirsium oligophyllum,27265568,35.5125575,138.73518,60.39215850830078,1
JPN_23,Cirsium oligophyllum,28001852,35.4258316667,138.7660816667,60.39215850830078,1
JPN_23,Cirsium oligophyllum,28980423,35.51063,138.74513,64.50980377197266,1
JPN_23,Cirsium oligophyllum,40653361,35.38885,138.7303416667,63.23529434204102,1
JPN_23,Cirsium oligophyllum,49296460,35.4684133333,138.7713533333,65.49019622802734,1
JPN_23,Cirsium oligophyllum,56614730,35.435805,138.7591866667,64.70587921142578,1
JPN_23,Cirsium oligophyllum,57286931,35.412225,138.7236383333,58.62744903564453,1
JPN_23,Cirsium oligophyllum,59462511,35.3985666667,138.70775,62.54901885986328,1
JPN_23,Cirsium oligophyllum,61378156,35.4119366667,138.7186,58.82352828979492,1
JPN_23,Cirsium oligophyllum,67388530,35.405045,138.7224333333,64.31372833251953,1
JPN_23,Cirsium oligophyllum,73581880,35.4903016667,138.7221116667,64.11764526367188,1
JPN_23,Cirsium oligophyllum,81909689,35.4934366667,138.7256516667,62.35293960571289,1
JPN_23,Cirsium oligophyllum,95390434,35.498725,138.73985,63.23529434204102,1
JPN_23,Cirsium oligophyllum,100468338,35.7816983333,141.9744233333,60.7843132019043,1
JPN_29,Cirsium verutum,4064355,28.32039,84.05266,66.2745132446289,1
JPN_29,Cirsium verutum,14110610,28.01212,86.8568,62.35293960571289,1
JPN_29,Cirsium verutum,17754380,29.40981,80.29085,56.66666793823242,1
JPN_29,Cirsium verutum,20412426,28.24974,84.08178,60.39215850830078,1
JPN_29,Cirsium verutum,20412428,28.24974,84.08178,63.13725662231445,1
JPN_29,Cirsium verutum,20412429,28.24974,84.08178,62.74509811401367,1
JPN_29,Cirsium verutum,20412430,28.24974,84.08178,64.11764526367188,1
JPN_29,Cirsium verutum,20607053,27.5164833333,90.5803816667,69.01960754394531,1
JPN_29,Cirsium verutum,66493053,28.1754466667,83.9838166667,59.01960754394531,1
JPN_36,Cirsium sieboldii,10126328,34.7456433333,138.0510766667,54.90196228027344,1
JPN_36,Cirsium sieboldii,49132376,35.03871,138.889045,62.156864166259766,1
JPN_36,Cirsium sieboldii,69465555,34.9926866667,138.6861383333,59.80392074584961,1
JPN_36,Cirsium sieboldii,74464049,35.2976666667,139.3867716667,59.80392074584961,1
JPN_36,Cirsium sieboldii,78627061,34.98232,138.8489383333,53.33333206176758,1
JPN_36,Cirsium sieboldii,89630240,34.9397233333,138.8406616667,55.686275482177734,1
JPN_36,Cirsium sieboldii,109529165,34.8871866667,138.752035,65.88235473632812,1
JPN_36,Cirsium sieboldii,109899324,34.88879,138.7526116667,61.3725471496582,1
JPN_36,Cirsium sieboldii,115170336,34.9782833333,138.7316833333,55.29411697387695,1
JPN_36,Cirsium sieboldii,191176417,34.95137,138.7115533333,59.411766052246094,1
JPN_37,Cirsium kamtschaticum,696173,45.4091016667,141.673765,58.039215087890625,1
JPN_37,Cirsium kamtschaticum,2029039,44.957525,142.0567416667,62.74509811401367,1
JPN_37,Cirsium kamtschaticum,2364302,44.295995,143.254985,64.70587921142578,1
JPN_37,Cirsium kamtschaticum,2596481,43.4667766667,142.6117466667,69.60784149169922,1
JPN_37,Cirsium kamtschaticum,3244815,44.97595,141.8294516667,65.09803771972656,1
JPN_37,Cirsium kamtschaticum,3845983,44.2842,142.4304383333,64.31372833251953,1
JPN_37,Cirsium kamtschaticum,4515720,44.3632433333,142.8737416667,66.66666412353516,1
JPN_37,Cirsium kamtschaticum,4659464,44.3017166667,142.6271883333,65.49019622802734,1
JPN_37,Cirsium kamtschaticum,4858043,44.74509,141.840565,65.88235473632812,1
JPN_37,Cirsium kamtschaticum,5014455,43.8110716667,142.6486216667,65.88235473632812,1
JPN_37,Cirsium kamtschaticum,5482317,44.65763,142.1858133333,64.70587921142578,1
JPN_37,Cirsium kamtschaticum,6575847,44.9577816667,142.055365,65.49019622802734,1
JPN_37,Cirsium kamtschaticum,7706201,44.95866,142.05508,66.66666412353516,1
JPN_37,Cirsium kamtschaticum,7771578,44.9585433333,142.055365,66.66666412353516,1
JPN_37,Cirsium kamtschaticum,7985643,44.2215983333,142.868055,63.13725662231445,1
JPN_37,Cirsium kamtschaticum,8705011,44.9965066667,142.3959683333,65.09803771972656,1
JPN_37,Cirsium kamtschaticum,10018963,44.9227266667,142.3957416667,65.49019622802734,1
JPN_37,Cirsium kamtschaticum,10960265,44.8893916667,142.6539966667,65.88235473632812,1
JPN_37,Cirsium kamtschaticum,11235197,43.3382433333,142.35702,64.31372833251953,1
JPN_37,Cirsium kamtschaticum,11598496,43.2597583333,142.4331566667,65.09803771972656,1
JPN_37,Cirsium kamtschaticum,12620145,43.289525,142.5241416667,64.31372833251953,1
JPN_37,Cirsium kamtschaticum,12620147,43.289525,142.5241416667,64.31372833251953,1
JPN_37,Cirsium kamtschaticum,13535034,43.2581233333,142.4267083333,64.70587921142578,1
JPN_37,Cirsium kamtschaticum,15301816,44.5123183333,142.5597216667,64.31372833251953,1
JPN_37,Cirsium kamtschaticum,16136322,44.9577016667,142.05518,66.2745132446289,1
JPN_37,Cirsium kamtschaticum,17947908,44.32096,142.15919,64.70587921142578,1
JPN_37,Cirsium kamtschaticum,18022192,43.2340266667,142.35685,65.49019622802734,1
JPN_37,Cirsium kamtschaticum,19297767,44.45141,142.7834066667,64.70587921142578,1
JPN_37,Cirsium kamtschaticum,19655750,44.2664233333,142.7054116667,64.31372833251953,1
JPN_37,Cirsium kamtschaticum,19706025,44.1661583333,142.5000166667,64.31372833251953,1
JPN_37,Cirsium kamtschaticum,20705011,44.8448666667,141.8159333333,65.09803771972656,1
JPN_37,Cirsium kamtschaticum,21266355,44.5267366667,142.79012,64.31372833251953,1
JPN_37,Cirsium kamtschaticum,21429551,44.5966383333,142.9150333333,64.70587921142578,1
JPN_37,Cirsium kamtschaticum,22055830,44.0565416667,142.2044583333,63.92156982421875,1
JPN_37,Cirsium kamtschaticum,22229110,44.2879183333,142.6273966667,64.70587921142578,1
JPN_37,Cirsium kamtschaticum,22560880,44.8715666667,142.6486533333,65.49019622802734,1
JPN_37,Cirsium kamtschaticum,22978568,44.2514416667,142.6591666667,64.70587921142578,1
JPN_37,Cirsium kamtschaticum,23083682,44.9823833333,142.040915,66.66666412353516,1
JPN_37,Cirsium kamtschaticum,23538237,44.6747166667,142.0255833333,66.2745132446289,1
JPN_37,Cirsium kamtschaticum,24476466,43.3382333333,142.3556,64.31372833251953,1
JPN_37,Cirsium kamtschaticum,25049845,43.33593,142.3624266667,64.31372833251953,1
JPN_37,Cirsium kamtschaticum,26236317,44.6605816667,142.312485,64.31372833251953,1
JPN_37,Cirsium kamtschaticum,26308371,43.2438216667,142.339115,65.49019622802734,1
JPN_37,Cirsium kamtschaticum,27594670,44.795855,142.2957683333,64.70587921142578,1
JPN_37,Cirsium kamtschaticum,27811020,44.43842,142.9901283333,65.49019622802734,1
JPN_37,Cirsium kamtschaticum,28805580,44.9818133333,142.0405883333,66.66666412353516,1
JPN_37,Cirsium kamtschaticum,29974919,44.7761316667,142.1321016667,65.09803771972656,1
JPN_37,Cirsium kamtschaticum,30641618,44.9774166667,142.07598,65.49019622802734,1
JPN_37,Cirsium kamtschaticum,31371019,44.2921666667,142.64147,64.70587921142578,1
JPN_37,Cirsium kamtschaticum,32117606,44.2916133333,142.6404183333,64.70587921142578,1
JPN_37,Cirsium kamtschaticum,32668712,44.9940533333,142.3953883333,65.49019622802734,1
JPN_37,Cirsium kamtschaticum,33200751,44.5406583333,142.5594683333,64.70587921142578,1
JPN_37,Cirsium kamtschaticum,33383256,44.9994466667,142.393365,64.70587921142578,1
JPN_37,Cirsium kamtschaticum,33434661,44.64425,142.1990066667,63.92156982421875,1
JPN_37,Cirsium kamtschaticum,33665878,44.7359266667,142.248765,65.49019622802734,1
JPN_37,Cirsium kamtschaticum,33841466,44.5178633333,142.5529833333,65.09803771972656,1
JPN_37,Cirsium kamtschaticum,34267403,44.666715,142.2543,65.09803771972656,1
JPN_37,Cirsium kamtschaticum,34944680,44.66433,142.1877733333,64.70587921142578,1
JPN_37,Cirsium kamtschaticum,35893460,44.710245,142.27903,65.09803771972656,1
JPN_37,Cirsium kamtschaticum,37240601,44.601995,142.4947516667,63.92156982421875,1
JPN_37,Cirsium kamtschaticum,37414995,44.8897716667,142.6508,65.49019622802734,1
JPN_37,Cirsium kamtschaticum,38014602,44.9958983333,142.3977266667,65.49019622802734,1
JPN_37,Cirsium kamtschaticum,38332814,44.2263283333,142.8417066667,64.31372833251953,1
JPN_37,Cirsium kamtschaticum,38894791,44.4321316667,142.7979566667,65.49019622802734,1
JPN_37,Cirsium kamtschaticum,39155963,44.1434333333,142.8404383333,64.31372833251953,1
JPN_37,Cirsium kamtschaticum,39677497,44.6638233333,142.3857233333,64.70587921142578,1
JPN_37,Cirsium kamtschaticum,40962317,44.786345,142.2062766667,65.09803771972656,1
JPN_37,Cirsium kamtschaticum,41333951,44.5924233333,142.2710966667,65.49019622802734,1
JPN_37,Cirsium kamtschaticum,41736669,44.850955,142.6545316667,65.49019622802734,1
JPN_37,Cirsium kamtschaticum,41978708,44.8898216667,142.6515866667,65.09803771972656,1
JPN_37,Cirsium kamtschaticum,42569188,44.6486533333,142.172835,65.09803771972656,1
JPN_37,Cirsium kamtschaticum,43819344,44.6174583333,142.323675,65.49019622802734,1
JPN_37,Cirsium kamtschaticum,44942598,44.33468,142.668665,65.49019622802734,1
JPN_37,Cirsium kamtschaticum,45080247,44.4573633333,142.802865,65.49019622802734,1
JPN_37,Cirsium kamtschaticum,45485350,44.7863,142.2060633333,65.49019622802734,1
JPN_37,Cirsium kamtschaticum,45549668,44.6433916667,142.2056516667,64.70587921142578,1
JPN_37,Cirsium kamtschaticum,46866566,44.612345,142.52119,64.70587921142578,1
JPN_37,Cirsium kamtschaticum,47226398,44.7693,142.140185,65.09803771972656,1
JPN_37,Cirsium kamtschaticum,47551777,44.7514533333,142.02591,65.09803771972656,1
JPN_37,Cirsium kamtschaticum,48942112,44.9679866667,142.0554966667,65.49019622802734,1
JPN_37,Cirsium kamtschaticum,49022677,44.6488783333,142.227555,64.70587921142578,1
JPN_37,Cirsium kamtschaticum,49662754,44.660745,142.30453,65.09803771972656,1
JPN_37,Cirsium kamtschaticum,50804449,44.7351266667,142.2352866667,65.49019622802734,1
JPN_37,Cirsium kamtschaticum,51795315,44.2660866667,142.7079683333,65.09803771972656,1
JPN_37,Cirsium kamtschaticum,52098397,44.637585,142.1779816667,64.70587921142578,1
JPN_37,Cirsium kamtschaticum,52774661,44.9995233333,142.39421,65.49019622802734,1
JPN_37,Cirsium kamtschaticum,53514804,44.6074916667,142.50657,65.49019622802734,1
JPN_37,Cirsium kamtschaticum,54529689,44.5386133333,142.7085383333,65.49019622802734,1
JPN_37,Cirsium kamtschaticum,55544014,44.3324033333,142.6290116667,64.70587921142578,1
JPN_37,Cirsium kamtschaticum,56236875,44.9997833333,142.3945666667,65.49019622802734,1
JPN_37,Cirsium kamtschaticum,57027036,44.7000283333,142.1231066667,65.09803771972656,1
JPN_37,Cirsium kamtschaticum,58067932,44.7057133333,142.2778866667,65.49019622802734,1
JPN_37,Cirsium kamtschaticum,59233817,44.57314,142.480935,64.70587921142578,1
JPN_37,Cirsium kamtschaticum,60583439,44.42486,142.7653233333,64.70587921142578,1
JPN_37,Cirsium kamtschaticum,62826617,44.27436,142.6375033333,65.09803771972656,1
JPN_37,Cirsium kamtschaticum,63889095,44.9608133333,142.05415,65.49019622802734,1
JPN_37,Cirsium kamtschaticum,65128773,44.9595533333,142.0542066667,65.49019622802734,1
JPN_37,Cirsium kamtschaticum,67971904,44.639625,142.1209666667,65.09803771972656,1
JPN_37,Cirsium kamtschaticum,69619390,44.22404,142.8466516667,64.70587921142578,1
JPN_37,Cirsium kamtschaticum,71333943,44.9788866667,142.046305,65.49019622802734,1
JPN_37,Cirsium kamtschaticum,73765769,44.9954816667,142.3967833333,65.09803771972656,1
JPN_37,Cirsium kamtschaticum,74515920,44.99448,142.396015,65.49019622802734,1
JPN_37,Cirsium kamtschaticum,80018397,44.8806883333,142.6442966667,65.49019622802734,1
JPN_37,Cirsium kamtschaticum,87291127,44.9886166667,142.4032583333,65.49019622802734,1
JPN_37,Cirsium kamtschaticum,103004233,44.981425,142.0388783333,65.49019622802734,1
JPN_37,Cirsium kamtschaticum,109059032,44.8641466667,142.64324,65.09803771972656,1
JPN_37,Cirsium kamtschaticum,115720377,44.2532033333,142.6623466667,65.49019622802734,1
JPN_37,Cirsium kamtschaticum,116190925,44.41374,142.7603083333,65.09803771972656,1
JPN_37,Cirsium kamtschaticum,133566259,44.95415,142.05318,65.49019622802734,1
JPN_37,Cirsium kamtschaticum,139971790,44.9212133333,142.3939133333,65.49019622802734,1
JPN_37,Cirsium kamtschaticum,151020936,45.0043366667,142.4067583333,65.09803771972656,1
JPN_37,Cirsium kamtschaticum,161949157,44.969035,142.0507866667,65.09803771972656,1
JPN_37,Cirsium kamtschaticum,164835715,44.22898,142.8639666667,65.49019622802734,1
JPN_37,Cirsium kamtschaticum,174489982,44.9271733333,142.3958316667,65.49019622802734,1
JPN_37,Cirsium kamtschaticum,176684568,44.2926583333,142.6552933333,65.09803771972656,1
JPN_37,Cirsium kamtschaticum,181782796,45.8587466667,149.6461166667,65.09803771972656,1
JPN_37,Cirsium kamtschaticum,184875928,46.6140616667,155.0198466667,65.09803771972656,1
JPN_37,Cirsium kamtschaticum,184877472,46.3923866667,150.4883366667,64.70587921142578,1
JPN_37,Cirsium kamtschaticum,184889428,42.602045,140.683275,65.09803771972656,1
JPN_37,Cirsium kamtschaticum,185331692,52.7352933333,158.7001033333,65.09803771972656,1
JPN_37,Cirsium kamtschaticum,185332129,52.9389066667,158.6934733333,65.49019622802734,1
JPN_37,Cirsium kamtschaticum,185332727,53.095725,158.7684266667,65.09803771972656,1
JPN_37,Cirsium kamtschaticum,185333316,53.197675,158.6318566667,65.09803771972656,1
JPN_37,Cirsium kamtschaticum,185334221,53.3040033333,158.7237133333,65.09803771972656,1
JPN_37,Cirsium kamtschaticum,185335192,53.3741666667,158.79775,65.09803771972656,1
JPN_37,Cirsium kamtschaticum,185336904,53.6842866667,158.6589283333,65.09803771972656,1
JPN_37,Cirsium kamtschaticum,185338522,53.1636366667,158.4224883333,65.09803771972656,1
JPN_37,Cirsium kamtschaticum,185340225,53.2553816667,158.13307,65.09803771972656,1
JPN_37,Cirsium kamtschaticum,185341780,53.7165516667,158.061225,65.09803771972656,1
JPN_37,Cirsium kamtschaticum,185343100,53.6379916667,158.5268966667,65.09803771972656,1
JPN_37,Cirsium kamtschaticum,185344466,53.5920133333,158.7080416667,65.09803771972656,1
JPN_37,Cirsium kamtschaticum,185345811,53.3987533333,158.4115666667,65.09803771972656,1
JPN_37,Cirsium kamtschaticum,185347243,53.548855,158.7893083333,65.09803771972656,1
JPN_37,Cirsium kamtschaticum,185348636,53.80796,158.4832333333,65.09803771972656,1
JPN_37,Cirsium kamtschaticum,185350626,53.8812083333,158.7413816667,65.09803771972656,1
JPN_37,Cirsium kamtschaticum,185352081,53.7388483333,158.8075716667,65.09803771972656,1
JPN_37,Cirsium kamtschaticum,185353624,53.67949,158.9115233333,65.09803771972656,1
JPN_37,Cirsium kamtschaticum,185355328,53.6611283333,158.9363316667,65.09803771972656,1
JPN_37,Cirsium kamtschaticum,185356789,53.52344,158.9250466667,65.09803771972656,1
JPN_37,Cirsium kamtschaticum,185358433,53.512965,158.963865,65.09803771972656,1
JPN_37,Cirsium kamtschaticum,185360054,53.4587233333,158.988245,65.09803771972656,1
JPN_37,Cirsium kamtschaticum,185361450,53.412405,158.9805266667,65.09803771972656,1
JPN_37,Cirsium kamtschaticum,185362741,53.3481816667,158.9497066667,65.09803771972656,1
JPN_37,Cirsium kamtschaticum,185364238,53.2871766667,158.91469,65.09803771972656,1
JPN_37,Cirsium kamtschaticum,185365536,53.228195,158.8699116667,65.09803771972656,1
JPN_37,Cirsium kamtschaticum,185366984,53.1677333333,158.82775,65.09803771972656,1
JPN_37,Cirsium kamtschaticum,185368307,53.1094216667,158.7826416667,65.09803771972656,1
JPN_37,Cirsium kamtschaticum,185369583,53.0485183333,158.733385,65.09803771972656,1
JPN_37,Cirsium kamtschaticum,185370970,52.9879083333,158.6846566667,65.09803771972656,1
JPN_37,Cirsium kamtschaticum,185372319,52.927535,158.63463,65.09803771972656,1
JPN_37,Cirsium kamtschaticum,185373553,52.8676783333,158.5833883333,65.09803771972656,1
JPN_37,Cirsium kamtschaticum,185374927,52.8086066667,158.5311416667,65.09803771972656,1
JPN_37,Cirsium kamtschaticum,185376175,52.7504883333,158.4779933333,65.09803771972656,1
JPN_37,Cirsium kamtschaticum,185377589,52.693335,158.424065,65.09803771972656,1
JPN_37,Cirsium kamtschaticum,185379050,52.6370866667,158.3694733333,65.09803771972656,1
JPN_37,Cirsium kamtschaticum,185380502,52.5818216667,158.3143416667,65.09803771972656,1
JPN_37,Cirsium kamtschaticum,185382055,52.5276583333,158.2587916667,65.09803771972656,1
JPN_37,Cirsium kamtschaticum,185383633,52.4744016667,158.2029416667,65.09803771972656,1
JPN_37,Cirsium kamtschaticum,185385367,52.42228,158.1469,65.09803771972656,1
JPN_37,Cirsium kamtschaticum,185387051,52.371205,158.0907816667,65.09803771972656,1
JPN_37,Cirsium kamtschaticum,185388662,52.32119,158.0346583333,65.09803771972656,1
JPN_37,Cirsium kamtschaticum,185390199,52.2722933333,157.9786683333,65.09803771972656,1
JPN_37,Cirsium kamtschaticum,185391798,52.224295,157.9229183333,65.09803771972656,1
JPN_37,Cirsium kamtschaticum,185393311,52.17728,157.8673833333,65.09803771972656,1
JPN_37,Cirsium kamtschaticum,185394881,52.1312066667,157.8121416667,65.09803771972656,1
JPN_37,Cirsium kamtschaticum,185396439,52.0860816667,157.7571916667,65.09803771972656,1
JPN_37,Cirsium kamtschaticum,185397989,52.0418733333,157.7026466667,65.09803771972656,1
JPN_37,Cirsium kamtschaticum,185399487,51.9985833333,157.648565,65.09803771972656,1
JPN_37,Cirsium kamtschaticum,185401050,51.956205,157.594915,65.09803771972656,1
JPN_37,Cirsium kamtschaticum,185402563,51.9147316667,157.5417683333,65.09803771972656,1
JPN_37,Cirsium kamtschaticum,185404064,51.8741966667,157.4890933333,65.09803771972656,1
JPN_37,Cirsium kamtschaticum,185405551,51.8345483333,157.4368733333,65.09803771972656,1
JPN_37,Cirsium kamtschaticum,185407036,51.795785,157.3851066667,65.09803771972656,1
JPN_37,Cirsium kamtschaticum,185408532,51.7578883333,157.3338416667,65.09803771972656,1
JPN_37,Cirsium kamtschaticum,185410045,51.7208333333,157.2830483333,65.09803771972656,1
JPN_37,Cirsium kamtschaticum,185411513,51.6846333333,157.2327533333,65.09803771972656,1
JPN_37,Cirsium kamtschaticum,185413010,51.6492916667,157.1829633333,65.09803771972656,1
JPN_37,Cirsium kamtschaticum,185414487,51.6147816667,157.1336883333,65.09803771972656,1
JPN_37,Cirsium kamtschaticum,185416029,51.5810683333,157.0849316667,65.09803771972656,1
JPN_37,Cirsium kamtschaticum,185417500,51.5481683333,157.036695,65.09803771972656,1
JPN_37,Cirsium kamtschaticum,185419017,51.5160683333,156.98899,65.09803771972656,1
JPN_37,Cirsium kamtschaticum,185420494,51.4847533333,156.941825,65.09803771972656,1
JPN_37,Cirsium kamtschaticum,185422002,51.454235,156.8951983333,65.09803771972656,1
JPN_37,Cirsium kamtschaticum,185423462,51.4244883333,156.8491183333,65.09803771972656,1
JPN_37,Cirsium kamtschaticum,185424953,51.3955083333,156.80359,65.09803771972656,1
JPN_37,Cirsium kamtschaticum,185426427,51.3672816667,156.7586166667,65.09803771972656,1
JPN_37,Cirsium kamtschaticum,185427904,51.3398083333,156.7142033333,65.09803771972656,1
JPN_37,Cirsium kamtschaticum,185429395,51.3130766667,156.670355,65.09803771972656,1
JPN_37,Cirsium kamtschaticum,185430885,51.2870833333,156.6270783333,65.09803771972656,1
JPN_37,Cirsium kamtschaticum,185432366,51.2618116667,156.5843766667,65.09803771972656,1
JPN_37,Cirsium kamtschaticum,185433846,51.2372716667,156.5422533333,65.09803771972656,1
JPN_37,Cirsium kamtschaticum,185435320,51.2134416667,156.5007116667,65.09803771972656,1
JPN_37,Cirsium kamtschaticum,185436805,51.19032,156.459755,65.09803771972656,1
JPN_37,Cirsium kamtschaticum,185438282,51.1679066667,156.4193866667,65.09803771972656,1
JPN_37,Cirsium kamtschaticum,185439755,51.1461883333,156.3796083333,65.09803771972656,1
JPN_37,Cirsium kamtschaticum,185441237,51.1251633333,156.3404233333,65.09803771972656,1
JPN_37,Cirsium kamtschaticum,185442715,51.1048283333,156.301835,65.09803771972656,1
JPN_37,Cirsium kamtschaticum,185444200,51.085175,156.263845,65.09803771972656,1
JPN_37,Cirsium kamtschaticum,185445671,51.0662066667,156.2264566667,65.09803771972656,1
JPN_37,Cirsium kamtschaticum,185447154,51.0479166667,156.1896716667,65.09803771972656,1
JPN_37,Cirsium kamtschaticum,185448634,51.0303066667,156.1534933333,65.09803771972656,1
JPN_37,Cirsium kamtschaticum,185450109,51.01337,156.1179233333,65.09803771972656,1
JPN_37,Cirsium kamtschaticum,185451584,50.9971083333,156.082965,65.09803771972656,1
JPN_37,Cirsium kamtschaticum,185453067,50.9815183333,156.04862,65.09803771972656,1
JPN_37,Cirsium kamtschaticum,185454546,50.9665966667,156.01489,65.09803771972656,1
JPN_37,Cirsium kamtschaticum,185456024,50.9523466667,155.9817766667,65.09803771972656,1
JPN_37,Cirsium kamtschaticum,185457501,50.9387616667,155.9492816667,65.09803771972656,1
JPN_37,Cirsium kamtschaticum,185458985,50.9258366667,155.917405,65.09803771972656,1
JPN_37,Cirsium kamtschaticum,185460458,50.9135683333,155.88615,65.09803771972656,1
JPN_37,Cirsium kamtschaticum,185461937,50.9019533333,155.8555166667,65.09803771972656,1
JPN_37,Cirsium kamtschaticum,185463417,50.89099,155.825505,65.09803771972656,1
JPN_37,Cirsium kamtschaticum,185464891,50.880675,155.7961166667,65.09803771972656,1
JPN_37,Cirsium kamtschaticum,185466373,50.8709983333,155.7673516667,65.09803771972656,1
JPN_37,Cirsium kamtschaticum,185467855,50.86196,155.73921,65.09803771972656,1
JPN_37,Cirsium kamtschaticum,185469333,50.853555,155.711695,65.09803771972656,1
JPN_37,Cirsium kamtschaticum,185470813,50.84578,155.684805,65.09803771972656,1
JPN_37,Cirsium kamtschaticum,185472292,50.8386333333,155.65854,65.09803771972656,1
JPN_37,Cirsium kamtschaticum,185473769,50.83211,155.6329,65.09803771972656,1
JPN_37,Cirsium kamtschaticum,185475251,50.8262083333,155.607885,65.09803771972656,1
JPN_37,Cirsium kamtschaticum,185476727,50.8209266667,155.583495,65.09803771972656,1
JPN_37,Cirsium kamtschaticum,185478208,50.8162633333,155.55973,65.09803771972656,1
JPN_37,Cirsium kamtschaticum,185479688,50.8122166667,155.53659,65.09803771972656,1
JPN_37,Cirsium kamtschaticum,185481164,50.8087866667,155.514075,65.09803771972656,1
JPN_37,Cirsium kamtschaticum,185482645,50.8059716667,155.492185,65.09803771972656,1
JPN_37,Cirsium kamtschaticum,185484122,50.80377,155.47092,65.09803771972656,1
JPN_37,Cirsium kamtschaticum,185485603,50.8021816667,155.45028,65.09803771972656,1
JPN_37,Cirsium kamtschaticum,185487081,50.801205,155.430265,65.09803771972656,1
JPN_37,Cirsium kamtschaticum,185488561,50.80084,155.410875,65.09803771972656,1
JPN_37,Cirsium kamtschaticum,185490039,50.801085,155.39211,65.09803771972656,1
JPN_37,Cirsium kamtschaticum,185491519,50.80194,155.37397,65.09803771972656,1
JPN_37,Cirsium kamtschaticum,185492998,50.803405,155.356455,65.09803771972656,1
JPN_37,Cirsium kamtschaticum,185494477,50.8054783333,155.339565,65.09803771972656,1
JPN_37,Cirsium kamtschaticum,185495957,50.8081616667,155.3233,65.09803771972656,1
JPN_37,Cirsium kamtschaticum,185497436,50.8114533333,155.30766,65.09803771972656,1
JPN_37,Cirsium kamtschaticum,185498915,50.8153533333,155.292645,65.09803771972656,1
JPN_37,Cirsium kamtschaticum,185500395,50.81986,155.278255,65.09803771972656,1
JPN_37,Cirsium kamtschaticum,185501874,50.824975,155.26449,65.09803771972656,1
JPN_37,Cirsium kamtschaticum,185503353,50.8306966667,155.25135,65.09803771972656,1
JPN_37,Cirsium kamtschaticum,185504833,50.8370233333,155.238835,65.09803771972656,1
JPN_37,Cirsium kamtschaticum,185506312,50.8439583333,155.226945,65.09803771972656,1
JPN_37,Cirsium kamtschaticum,185507792,50.8514966667,155.21568,65.09803771972656,1
JPN_37,Cirsium kamtschaticum,185509271,50.8596433333,155.20504,65.09803771972656,1
JPN_37,Cirsium kamtschaticum,185510751,50.8683933333,155.195025,65.09803771972656,1
JPN_37,Cirsium kamtschaticum,185512230,50.87775,155.185635,65.09803771972656,1
JPN_37,Cirsium kamtschaticum,185513710,50.88771,155.17687,65.09803771972656,1
JPN_37,Cirsium kamtschaticum,185515189,50.8982766667,155.16873,65.09803771972656,1
JPN_37,Cirsium kamtschaticum,185516669,50.909445,155.161215,65.09803771972656,1
JPN_37,Cirsium kamtschaticum,185518148,50.9212216667,155.154325,65.09803771972656,1
JPN_37,Cirsium kamtschaticum,185519628,50.9336033333,155.14806,65.09803771972656,1
JPN_37,Cirsium kamtschaticum,185521107,50.9465916667,155.14242,65.09803771972656,1
JPN_37,Cirsium kamtschaticum,185522587,50.960185,155.137405,65.09803771972656,1
JPN_37,Cirsium kamtschaticum,185524066,50.9743833333,155.133015,65.09803771972656,1
JPN_37,Cirsium kamtschaticum,185525546,50.9891866667,155.12925,65.09803771972656,1
JPN_37,Cirsium kamtschaticum,185527025,51.004595,155.12611,65.09803771972656,1
JPN_37,Cirsium kamtschaticum,185528505,51.0206083333,155.123595,65.09803771972656,1
JPN_37,Cirsium kamtschaticum,185529984,51.0372266667,155.121705,65.09803771972656,1
JPN_37,Cirsium kamtschaticum,185531464,51.05445,155.12044,65.09803771972656,1
JPN_37,Cirsium kamtschaticum,185532943,51.0722783333,155.1198,65.09803771972656,1
JPN_37,Cirsium kamtschaticum,185534423,51.0907116667,155.119785,65.09803771972656,1
JPN_37,Cirsium kamtschaticum,185535902,51.10975,155.120395,65.09803771972656,1
JPN_37,Cirsium kamtschaticum,185537382,51.1293933333,155.12163,65.09803771972656,1
JPN_37,Cirsium kamtschaticum,185538861,51.1496416667,155.12349,65.09803771972656,1
JPN_37,Cirsium kamtschaticum,185540341,51.170495,155.125975,65.09803771972656,1
JPN_37,Cirsium kamtschaticum,185541820,51.1919533333,155.129085,65.09803771972656,1
JPN_37,Cirsium kamtschaticum,185543300,51.2140166667,155.13282,65.09803771972656,1
JPN_37,Cirsium kamtschaticum,185544779,51.236685,155.13718,65.09803771972656,1
JPN_37,Cirsium kamtschaticum,185546259,51.2599583333,155.142165,65.09803771972656,1
JPN_37,Cirsium kamtschaticum,185547738,51.2838366667,155.147775,65.09803771972656,1
JPN_37,Cirsium kamtschaticum,185549218,51.30832,155.15401,65.09803771972656,1
JPN_37,Cirsium kamtschaticum,185550697,51.3334083333,155.16087,65.09803771972656,1
JPN_37,Cirsium kamtschaticum,185552177,51.3591016667,155.168355,65.09803771972656,1
JPN_37,Cirsium kamtschaticum,185553656,51.3854,155.176465,65.09803771972656,1
JPN_37,Cirsium kamtschaticum,185555136,51.4123033333,155.1852,65.09803771972656,1
JPN_37,Cirsium kamtschaticum,185556615,51.4398116667,155.19456,65.09803771972656,1
JPN_37,Cirsium kamtschaticum,185558095,51.467925,155.204545,65.09803771972656,1
JPN_37,Cirsium kamtschaticum,185559574,51.4966433333,155.215155,65.09803771972656,1
JPN_37,Cirsium kamtschaticum,185561054,51.5259666667,155.22639,65.09803771972656,1
JPN_37,Cirsium kamtschaticum,185562533,51.555895,155.23825,65.09803771972656,1
JPN_37,Cirsium kamtschaticum,185564013,51.5864283333,155.250735,65.09803771972656,1
JPN_37,Cirsium kamtschaticum,185565492,51.6175666667,155.263845,65.09803771972656,1
JPN_37,Cirsium kamtschaticum,185566972,51.64931,155.27758,65.09803771972656,1
JPN_37,Cirsium kamtschaticum,185568451,51.6816583333,155.29194,65.09803771972656,1
JPN_37,Cirsium kamtschaticum,185569931,51.7146116667,155.306925,65.09803771972656,1
JPN_37,Cirsium kamtschaticum,185571410,51.74817,155.322535,65.09803771972656,1
JPN_37,Cirsium kamtschaticum,185572890,51.7823333333,155.33877,65.09803771972656,1
JPN_37,Cirsium kamtschaticum,185574369,51.8171016667,155.35563,65.09803771972656,1
JPN_37,Cirsium kamtschaticum,185575849,51.852475,155.373115,65.09803771972656,1
JPN_37,Cirsium kamtschaticum,185577328,51.8884533333,155.391225,65.09803771972656,1
JPN_37,Cirsium kamtschaticum,185578808,51.9250366667,155.40996,65.09803771972656,1
JPN_37,Cirsium kamtschaticum,185580287,51.962225,155.42932,65.09803771972656,1
JPN_37,Cirsium kamtschaticum,185581767,51.999,155.449305,65.09803771972656,1
JPN_37,Cirsium kamtschaticum,185583246,52.03638,155.469915,65.09803771972656,1
JPN_37,Cirsium kamtschaticum,185584726,52.074365,155.49115,65.09803771972656,1
JPN_37,Cirsium kamtschaticum,185586205,52.112955,155.51301,65.09803771972656,1
JPN_37,Cirsium kamtschaticum,185587685,52.15215,155.535495,65.09803771972656,1
JPN_37,Cirsium kamtschaticum,185589164,52.19195,155.558605,65.09803771972656,1
JPN_37,Cirsium kamtschaticum,185590644,52.232355,155.58234,65.09803771972656,1
JPN_37,Cirsium kamtschaticum,185592123,52.273365,155.6067,65.09803771972656,1
JPN_37,Cirsium kamtschaticum,185593603,52.31498,155.631685,65.09803771972656,1
JPN_37,Cirsium kamtschaticum,185595082,52.3572,155.657295,65.09803771972656,1
JPN_37,Cirsium kamtschaticum,185596562,52.400025,155.68353,65.09803771972656,1
JPN_37,Cirsium kamtschaticum,185598041,52.443455,155.71039,65.09803771972656,1
JPN_37,Cirsium kamtschaticum,185599521,52.48749,155.737875,65.09803771972656,1
JPN_37,Cirsium kamtschaticum,185601000,52.53213,155.765985,65.09803771972656,1
JPN_37,Cirsium kamtschaticum,185602480,52.577375,155.79472,65.09803771972656,1
JPN_37,Cirsium kamtschaticum,185603959,52.623225,155.82408,65.09803771972656,1
JPN_37,Cirsium kamtschaticum,185605439,52.66968,155.854065,65.09803771972656,1
JPN_37,Cirsium kamtschaticum,185606918,52.71674,155.884675,65.09803771972656,1
JPN_37,Cirsium kamtschaticum,185608398,52.764405,155.91591,65.09803771972656,1
JPN_37,Cirsium kamtschaticum,185609877,52.812675,155.94777,65.09803771972656,1
JPN_37,Cirsium kamtschaticum,185611357,52.86155,155.980255,65.09803771972656,1
JPN_37,Cirsium kamtschaticum,185612836,52.91103,156.013365,65.09803771972656,1
JPN_37,Cirsium kamtschaticum,185614316,52.961115,156.0471,65.09803771972656,1
JPN_37,Cirsium kamtschaticum,185615795,53.011805,156.08146,65.09803771972656,1
JPN_37,Cirsium kamtschaticum,185617275,53.0631,156.116445,65.09803771972656,1
JPN_37,Cirsium kamtschaticum,185618754,53.115,156.152055,65.09803771972656,1
JPN_37,Cirsium kamtschaticum,185620234,53.167505,156.18829,65.09803771972656,1
JPN_37,Cirsium kamtschaticum,185621713,53.220615,156.22515,65.09803771972656,1
JPN_37,Cirsium kamtschaticum,185623193,53.27433,156.262635,65.09803771972656,1
JPN_37,Cirsium kamtschaticum,185624672,53.32865,156.300745,65.09803771972656,1
JPN_37,Cirsium kamtschaticum,185626152,53.383575,156.33948,65.09803771972656,1
JPN_37,Cirsium kamtschaticum,185627631,53.439105,156.37884,65.09803771972656,1
JPN_37,Cirsium kamtschaticum,185629111,53.49524,156.418825,65.09803771972656,1
JPN_37,Cirsium kamtschaticum,185630590,53.55198,156.459435,65.09803771972656,1
JPN_37,Cirsium kamtschaticum,185632070,53.609325,156.50067,65.09803771972656,1
JPN_37,Cirsium kamtschaticum,185633549,53.667275,156.54253,65.09803771972656,1
JPN_37,Cirsium kamtschaticum,185635029,53.72583,156.585015,65.09803771972656,1
JPN_37,Cirsium kamtschaticum,185636508,53.78499,156.628125,65.09803771972656,1
JPN_37,Cirsium kamtschaticum,185637988,53.844755,156.67186,65.09803771972656,1
JPN_37,Cirsium kamtschaticum,185639467,53.905125,156.71622,65.09803771972656,1
JPN_37,Cirsium kamtschaticum,185640947,53.9661,156.761205,65.09803771972656,1
JPN_37,Cirsium kamtschaticum,185642426,54.02768,156.806815,65.09803771972656,1
JPN_37,Cirsium kamtschaticum,185643906,54.089865,156.85305,65.09803771972656,1
JPN_37,Cirsium kamtschaticum,185645385,54.152655,156.89991,65.09803771972656,1
JPN_37,Cirsium kamtschaticum,185646865,54.21605,156.947395,65.09803771972656,1
JPN_37,Cirsium kamtschaticum,185648344,54.28005,156.995505,65.09803771972656,1
JPN_37,Cirsium kamtschaticum,185649824,54.344655,157.04424,65.09803771972656,1
JPN_37,Cirsium kamtschaticum,185651303,54.409865,157.0936,65.09803771972656,1
JPN_37,Cirsium kamtschaticum,185652783,54.47568,157.143585,65.09803771972656,1
JPN_37,Cirsium kamtschaticum,185654262,54.5421,157.194195,65.09803771972656,1
JPN_37,Cirsium kamtschaticum,185655742,54.609125,157.24543,65.09803771972656,1
JPN_37,Cirsium kamtschaticum,185657221,54.676755,157.29729,65.09803771972656,1
JPN_37,Cirsium kamtschaticum,185658701,54.74499,157.349775,65.09803771972656,1
JPN_37,Cirsium kamtschaticum,185660180,54.81383,157.402885,65.09803771972656,1
JPN_37,Cirsium kamtschaticum,185661660,54.883275,157.45662,65.09803771972656,1
JPN_37,Cirsium kamtschaticum,185663139,54.953325,157.51098,65.09803771972656,1
JPN_37,Cirsium kamtschaticum,185664619,55.02398,157.565965,65.09803771972656,1
JPN_37,Cirsium kamtschaticum,185666098,55.09524,157.621575,65.09803771972656,1
JPN_37,Cirsium kamtschaticum,185667578,55.167105,157.67781,65.09803771972656,1
JPN_37,Cirsium kamtschaticum,185669057,55.239575,157.73467,65.09803771972656,1
JPN_37,Cirsium kamtschaticum,185670537,55.31265,157.792155,65.09803771972656,1
JPN_37,Cirsium kamtschaticum,185672016,55.38633,157.850265,65.09803771972656,1
JPN_37,Cirsium kamtschaticum,185673496,55.460615,157.909,65.09803771972656,1
JPN_37,Cirsium kamtschaticum,185674975,55.535505,157.96836,65.09803771972656,1
JPN_37,Cirsium kamtschaticum,185676455,55.611,158.028345,65.09803771972656,1
JPN_37,Cirsium kamtschaticum,185677934,55.6871,158.088955,65.09803771972656,1
JPN_37,Cirsium kamtschaticum,185679414,55.763805,158.15019,65.09803771972656,1
JPN_37,Cirsium kamtschaticum,185680893,55.841115,158.21205,65.09803771972656,1
JPN_37,Cirsium kamtschaticum,185682373,55.91903,158.274535,65.09803771972656,1
JPN_37,Cirsium kamtschaticum,185683852,55.99755,158.337645,65.09803771972656,1
JPN_37,Cirsium kamtschaticum,185685332,56.076675,158.40138,65.09803771972656,1
JPN_37,Cirsium kamtschaticum,185686811,56.156405,158.46574,65.09803771972656,1
JPN_37,Cirsium kamtschaticum,185688291,56.23674,158.530725,65.09803771972656,1
JPN_37,Cirsium kamtschaticum,185689770,56.31768,158.596335,65.09803771972656,1
JPN_37,Cirsium kamtschaticum,185691250,56.399225,158.66257,65.09803771972656,1
JPN_37,Cirsium kamtschaticum,185692729,56.481375,158.72943,65.09803771972656,1
JPN_37,Cirsium kamtschaticum,185694209,56.56413,158.796915,65.09803771972656,1
JPN_37,Cirsium kamtschaticum,185695688,56.64749,158.865025,65.09803771972656,1
JPN_37,Cirsium kamtschaticum,185697168,56.731455,158.93376,65.09803771972656,1
JPN_37,Cirsium kamtschaticum,185698647,56.816025,159.00312,65.09803771972656,1
JPN_37,Cirsium kamtschaticum,185700127,56.9012,159.073105,65.09803771972656,1
JPN_37,Cirsium kamtschaticum,185701606,56.98698,159.143715,65.09803771972656,1
JPN_37,Cirsium kamtschaticum,185703086,57.073365,159.21495,65.09803771972656,1
JPN_37,Cirsium kamtschaticum,185704565,57.160355,159.28681,65.09803771972656,1
JPN_37,Cirsium kamtschaticum,185706045,57.24795,159.359295,65.09803771972656,1
JPN_37,Cirsium kamtschaticum,185707524,57.33615,159.432405,65.09803771972656,1
JPN_37,Cirsium kamtschaticum,185709004,57.424955,159.50614,65.09803771972656,1
JPN_37,Cirsium kamtschaticum,185710483,57.514365,159.5805,65.09803771972656,1
JPN_37,Cirsium kamtschaticum,185711963,57.60438,159.655485,65.09803771972656,1
JPN_37,Cirsium kamtschaticum,185713442,57.694999,159.731095,65.09803771972656,1
JPN_37,Cirsium kamtschaticum,185714922,57.786225,159.80733,65.09803771972656,1
JPN_37,Cirsium kamtschaticum,185716401,57.878055,159.88419,65.09803771972656,1
JPN_37,Cirsium kamtschaticum,185717881,57.97049,159.961675,65.09803771972656,1
JPN_37,Cirsium kamtschaticum,185719360,58.06353,160.039785,65.09803771972656,1
JPN_37,Cirsium kamtschaticum,185720840,58.157175,160.11852,65.09803771972656,1
JPN_37,Cirsium kamtschaticum,185722319,58.251425,160.19788,65.09803771972656,1
JPN_37,Cirsium kamtschaticum,185723799,58.34628,160.277865,65.09803771972656,1
JPN_37,Cirsium kamtschaticum,185725278,58.44174,160.358475,65.09803771972656,1
JPN_37,Cirsium kamtschaticum,185726758,58.537805,160.43971,65.09803771972656,1
JPN_37,Cirsium kamtschaticum,185728237,58.634475,160.52157,65.09803771972656,1
JPN_37,Cirsium kamtschaticum,185729717,58.73175,160.604055,65.09803771972656,1
JPN_37,Cirsium kamtschaticum,185731196,58.82963,160.687165,65.09803771972656,1
JPN_37,Cirsium kamtschaticum,185732676,58.928115,160.7709,65.09803771972656,1
JPN_37,Cirsium kamtschaticum,185734155,59.027205,160.85526,65.09803771972656,1
JPN_37,Cirsium kamtschaticum,185735635,59.1269,160.940245,65.09803771972656,1
JPN_37,Cirsium kamtschaticum,185737114,59.2272,161.025855,65.09803771972656,1
JPN_37,Cirsium kamtschaticum,185738594,59.328105,161.11209,65.09803771972656,1
JPN_37,Cirsium kamtschaticum,185740073,59.429615,161.19895,65.09803771972656,1
JPN_37,Cirsium kamtschaticum,185741553,59.53173,161.286435,65.09803771972656,1
JPN_37,Cirsium kamtschaticum,185743032,59.63445,161.374545,65.09803771972656,1
JPN_37,Cirsium kamtschaticum,185744512,59.737775,161.46328,65.09803771972656,1
JPN_37,Cirsium kamtschaticum,185745991,59.841705,161.55264,65.09803771972656,1
JPN_37,Cirsium kamtschaticum,185747471,59.94624,161.642625,65.09803771972656,1
JPN_37,Cirsium kamtschaticum,185748950,60.05138,161.733235,65.09803771972656,1
JPN_37,Cirsium kamtschaticum,185750430,60.157125,161.82447,65.09803771972656,1
JPN_37,Cirsium kamtschaticum,185751909,60.263475,161.91633,65.09803771972656,1
JPN_37,Cirsium kamtschaticum,185753389,60.37043,162.008815,65.09803771972656,1
JPN_37,Cirsium kamtschaticum,185754868,60.47799,162.101925,65.09803771972656,1
JPN_37,Cirsium kamtschaticum,185756348,60.586155,162.19566,65.09803771972656,1
JPN_37,Cirsium kamtschaticum,185757827,60.694925,162.29002,65.09803771972656,1
JPN_37,Cirsium kamtschaticum,185759307,60.8043,162.385005,65.09803771972656,1
JPN_37,Cirsium kamtschaticum,185760786,60.91428,162.480615,65.09803771972656,1
JPN_37,Cirsium kamtschaticum,185762266,61.024865,162.57685,65.09803771972656,1
JPN_37,Cirsium kamtschaticum,185763745,61.136055,162.67371,65.09803771972656,1
JPN_37,Cirsium kamtschaticum,185765225,61.24785,162.771195,65.09803771972656,1
JPN_37,Cirsium kamtschaticum,185766704,61.36025,162.869305,65.09803771972656,1
JPN_37,Cirsium kamtschaticum,185768184,61.473255,162.96804,65.09803771972656,1
JPN_37,Cirsium kamtschaticum,185769663,61.586865,163.0674,65.09803771972656,1
JPN_37,Cirsium kamtschaticum,185771143,61.70108,163.167385,65.09803771972656,1
JPN_37,Cirsium kamtschaticum,185772622,61.8159,163.268,65.09803771972656,1
JPN_37,Cirsium kamtschaticum,185774102,61.931325,163.369235,65.09803771972656,1
JPN_37,Cirsium kamtschaticum,185775581,62.047355,163.471095,65.09803771972656,1
JPN_37,Cirsium kamtschaticum,185777061,62.16399,163.57358,65.09803771972656,1
JPN_37,Cirsium kamtschaticum,185778540,62.28123,163.67669,65.09803771972656,1
JPN_37,Cirsium kamtschaticum,185780020,62.399075,163.780425,65.09803771972656,1
JPN_37,Cirsium kamtschaticum,185781499,62.517525,163.884785,65.09803771972656,1
JPN_37,Cirsium kamtschaticum,185782979,62.63658,163.98977,65.09803771972656,1
JPN_37,Cirsium kamtschaticum,185784458,62.75624,164.09538,65.09803771972656,1
JPN_37,Cirsium kamtschaticum,185785938,62.876505,164.201615,65.09803771972656,1
JPN_37,Cirsium kamtschaticum,185787417,62.997375,164.308475,65.09803771972656,1
JPN_37,Cirsium kamtschaticum,185788897,63.11885,164.41596,65.09803771972656,1
JPN_37,Cirsium kamtschaticum,185790376,63.24093,164.52407,65.09803771972656,1
JPN_37,Cirsium kamtschaticum,185791856,63.363615,164.632805,65.09803771972656,1
JPN_37,Cirsium kamtschaticum,185793335,63.486905,164.742165,65.09803771972656,1
JPN_37,Cirsium kamtschaticum,185794815,63.6108,164.85215,65.09803771972656,1
JPN_37,Cirsium kamtschaticum,185796294,63.7353,164.96276,65.09803771972656,1
JPN_37,Cirsium kamtschaticum,185797774,63.860405,165.073995,65.09803771972656,1
JPN_37,Cirsium kamtschaticum,185799253,63.986115,165.185855,65.09803771972656,1
JPN_37,Cirsium kamtschaticum,185800733,64.11243,165.29834,65.09803771972656,1
JPN_37,Cirsium kamtschaticum,185802212,64.23935,165.41145,65.09803771972656,1
JPN_37,Cirsium kamtschaticum,185803692,64.366875,165.525185,65.09803771972656,1
JPN_37,Cirsium kamtschaticum,185805171,64.495005,165.639545,65.09803771972656,1
JPN_37,Cirsium kamtschaticum,185806651,64.62374,165.75453,65.09803771972656,1
JPN_37,Cirsium kamtschaticum,185808130,64.75308,165.87014,65.09803771972656,1
JPN_37,Cirsium kamtschaticum,185809610,64.883025,165.986375,65.09803771972656,1
JPN_37,Cirsium kamtschaticum,185811089,65.013575,166.103235,65.09803771972656,1
JPN_37,Cirsium kamtschaticum,185812569,65.14473,166.22072,65.09803771972656,1
JPN_37,Cirsium kamtschaticum,185814048,65.27649,166.33883,65.09803771972656,1
JPN_37,Cirsium kamtschaticum,185815528,65.408855,166.457565,65.09803771972656,1
JPN_37,Cirsium kamtschaticum,185817007,65.541825,166.576925,65.09803771972656,1
JPN_37,Cirsium kamtschaticum,185818487,65.6754,166.69691,65.09803771972656,1
JPN_37,Cirsium kamtschaticum,185819966,65.80958,166.81752,65.09803771972656,1
JPN_37,Cirsium kamtschaticum,185821446,65.944365,166.938755,65.09803771972656,1
JPN_37,Cirsium kamtschaticum,185822925,66.079755,167.060615,65.09803771972656,1
JPN_37,Cirsium kamtschaticum,185824405,66.21575,167.1831,65.09803771972656,1
JPN_37,Cirsium kamtschaticum,185825884,66.35235,167.30621,65.09803771972656,1
JPN_37,Cirsium kamtschaticum,185827364,66.489555,167.429945,65.09803771972656,1
JPN_37,Cirsium kamtschaticum,185828843,66.627365,167.554305,65.09803771972656,1
JPN_37,Cirsium kamtschaticum,185830323,66.76578,167.67929,65.09803771972656,1
JPN_37,Cirsium kamtschaticum,185831802,66.9048,167.8049,65.09803771972656,1
JPN_37,Cirsium kamtschaticum,185833282,67.044425,167.931135,65.09803771972656,1
JPN_37,Cirsium kamtschaticum,185834761,67.184655,168.057995,65.09803771972656,1
JPN_37,Cirsium kamtschaticum,185836241,67.32549,168.18548,65.09803771972656,1
JPN_37,Cirsium kamtschaticum,185837720,67.46693,168.31359,65.09803771972656,1
JPN_37,Cirsium kamtschaticum,185839200,67.608975,168.442325,65.09803771972656,1
JPN_37,Cirsium kamtschaticum,185840679,67.751625,168.571685,65.09803771972656,1
JPN_37,Cirsium kamtschaticum,185842159,67.89488,168.70167,65.09803771972656,1
JPN_37,Cirsium kamtschaticum,185843638,68.03874,168.83228,65.09803771972656,1
JPN_37,Cirsium kamtschaticum,185845118,68.183205,168.963515,65.09803771972656,1
JPN_37,Cirsium kamtschaticum,185846597,68.328275,169.095375,65.09803771972656,1
JPN_37,Cirsium kamtschaticum,185848077,68.47395,169.22786,65.09803771972656,1
JPN_37,Cirsium kamtschaticum,185849556,68.62023,169.36097,65.09803771972656,1
JPN_37,Cirsium kamtschaticum,185851036,68.767115,169.494705,65.09803771972656,1
JPN_37,Cirsium kamtschaticum,185852515,68.914605,169.629065,65.09803771972656,1
JPN_37,Cirsium kamtschaticum,185853995,69.0627,169.76405,65.09803771972656,1
JPN_37,Cirsium kamtschaticum,185855474,69.2114,169.89966,65.09803771972656,1
JPN_37,Cirsium kamtschaticum,185856954,69.360705,170.035895,65.09803771972656,1
JPN_37,Cirsium kamtschaticum,185858433,69.510615,170.172755,65.09803771972656,1
JPN_37,Cirsium kamtschaticum,185859913,69.66113,170.31024,65.09803771972656,1
JPN_37,Cirsium kamtschaticum,185861392,69.81225,170.44835,65.09803771972656,1
JPN_37,Cirsium kamtschaticum,185862872,69.963975,170.587085,65.09803771972656,1
JPN_37,Cirsium kamtschaticum,185864351,70.116305,170.726445,65.09803771972656,1
JPN_37,Cirsium kamtschaticum,185865831,70.26924,170.86643,65.09803771972656,1
JPN_37,Cirsium kamtschaticum,185867310,70.42278,171.00704,65.09803771972656,1
JPN_37,Cirsium kamtschaticum,185868790,70.576925,171.148275,65.09803771972656,1
JPN_37,Cirsium kamtschaticum,185870269,70.731675,171.290135,65.09803771972656,1
JPN_37,Cirsium kamtschaticum,185871749,70.88703,171.43262,65.09803771972656,1
JPN_37,Cirsium kamtschaticum,185873228,71.04299,171.57573,65.09803771972656,1
JPN_37,Cirsium kamtschaticum,185874708,71.199555,171.719465,65.09803771972656,1
JPN_37,Cirsium kamtschaticum,185876187,71.356725,171.863825,65.09803771972656,1
JPN_37,Cirsium kamtschaticum,185877667,71.5145,172.00881,65.09803771972656,1
JPN_37,Cirsium kamtschaticum,185879146,71.67288,172.15442,65.09803771972656,1
JPN_37,Cirsium kamtschaticum,185880626,71.831865,172.300655,65.09803771972656,1
JPN_37,Cirsium kamtschaticum,185882105,71.991455,172.447515,65.09803771972656,1
JPN_37,Cirsium kamtschaticum,185883585,72.15165,172.594999,65.09803771972656,1
JPN_37,Cirsium kamtschaticum,185885064,72.31245,172.74311,65.09803771972656,1
JPN_37,Cirsium kamtschaticum,185886544,72.473855,172.891845,65.09803771972656,1
JPN_37,Cirsium kamtschaticum,185888023,72.635865,173.041205,65.09803771972656,1
JPN_37,Cirsium kamtschaticum,185889503,72.79848,173.19119,65.09803771972656,1
JPN_37,Cirsium kamtschaticum,185890982,72.9617,173.3418,65.09803771972656,1
JPN_37,Cirsium kamtschaticum,185892462,73.125525,173.493035,65.09803771972656,1
JPN_37,Cirsium kamtschaticum,185893941,73.289955,173.644895,65.09803771972656,1
JPN_37,Cirsium kamtschaticum,185895421,73.45499,173.79738,65.09803771972656,1
JPN_37,Cirsium kamtschaticum,185896900,73.62063,173.95049,65.09803771972656,1
JPN_37,Cirsium kamtschaticum,185898380,73.786875,174.104225,65.09803771972656,1
JPN_37,Cirsium kamtschaticum,185899859,73.953725,174.258585,65.09803771972656,1
JPN_37,Cirsium kamtschaticum,185901339,74.12118,174.41357,65.09803771972656,1
JPN_37,Cirsium kamtschaticum,185902818,74.28924,174.56918,65.09803771972656,1
JPN_37,Cirsium kamtschaticum,185904298,74.457905,174.725415,65.09803771972656,1
JPN_37,Cirsium kamtschaticum,185905777,74.627175,174.882275,65.09803771972656,1
JPN_37,Cirsium kamtschaticum,185907257,74.79705,175.03976,65.09803771972656,1
JPN_37,Cirsium kamtschaticum,185908736,74.96753,175.19787,65.09803771972656,1
JPN_37,Cirsium kamtschaticum,185910216,75.138615,175.356605,65.09803771972656,1
JPN_37,Cirsium kamtschaticum,185911695,75.310305,175.515965,65.09803771972656,1
JPN_37,Cirsium kamtschaticum,185913175,75.4826,175.67595,65.09803771972656,1
JPN_37,Cirsium kamtschaticum,185914654,75.6555,175.83656,65.09803771972656,1
JPN_37,Cirsium kamtschaticum,185916134,75.829005,175.997795,65.09803771972656,1
JPN_37,Cirsium kamtschaticum,185917613,76.003115,176.159655,65.09803771972656,1
JPN_37,Cirsium kamtschaticum,185919093,76.17783,176.32214,65.09803771972656,1
JPN_37,Cirsium kamtschaticum,185920572,76.35315,176.48525,65.09803771972656,1
JPN_37,Cirsium kamtschaticum,185922052,76.529075,176.648985,65.09803771972656,1
JPN_37,Cirsium kamtschaticum,185923531,76.705605,176.813345,65.09803771972656,1
JPN_37,Cirsium kamtschaticum,185925011,76.88274,176.97833,65.09803771972656,1
JPN_37,Cirsium kamtschaticum,185926490,77.06048,177.14394,65.09803771972656,1
JPN_37,Cirsium kamtschaticum,185927970,77.238825,177.310175,65.09803771972656,1
JPN_37,Cirsium kamtschaticum,185929449,77.417775,177.477035,65.09803771972656,1
JPN_37,Cirsium kamtschaticum,185930929,77.59733,177.64452,65.09803771972656,1
JPN_37,Cirsium kamtschaticum,185932408,77.77749,177.81263,65.09803771972656,1
JPN_37,Cirsium kamtschaticum,185933888,77.958255,177.981365,65.09803771972656,1
JPN_37,Cirsium kamtschaticum,185935367,78.139625,178.150725,65.09803771972656,1
JPN_37,Cirsium kamtschaticum,185936847,78.3216,178.32071,65.09803771972656,1
JPN_37,Cirsium kamtschaticum,185938326,78.50418,178.49132,65.09803771972656,1
JPN_37,Cirsium kamtschaticum,185939806,78.687365,178.662555,65.09803771972656,1
JPN_37,Cirsium kamtschaticum,185941285,78.871155,178.834415,65.09803771972656,1
JPN_37,Cirsium kamtschaticum,185942765,79.05555,179.0069,65.09803771972656,1
JPN_37,Cirsium kamtschaticum,185944244,79.24055,179.18,65.09803771972656,1
JPN_37,Cirsium kamtschaticum,185945724,79.426155,179.353725,65.09803771972656,1
JPN_37,Cirsium kamtschaticum,185947203,79.612365,179.528075,65.09803771972656,1
JPN_37,Cirsium kamtschaticum,185948683,79.79918,179.70305,65.09803771972656,1
JPN_37,Cirsium kamtschaticum,185950162,79.986605,179.87865,65.09803771972656,1
JPN_37,Cirsium kamtschaticum,185951642,80.174635,-179.945125,65.09803771972656,1
JPN_37,Cirsium kamtschaticum,185953121,80.36327,-179.768275,65.09803771972656,1
JPN_37,Cirsium kamtschaticum,185954601,80.55251,-179.5908,65.09803771972656,1
JPN_37,Cirsium kamtschaticum,185956080,80.742355,-179.4127,65.09803771972656,1
JPN_37,Cirsium kamtschaticum,185957560,80.932805,-179.233975,65.09803771972656,1
JPN_37,Cirsium kamtschaticum,185959039,81.12386,-179.054625,65.09803771972656,1
JPN_37,Cirsium kamtschaticum,185960519,81.315515,-178.87465,65.09803771972656,1
JPN_37,Cirsium kamtschaticum,185961998,81.507775,-178.69405,65.09803771972656,1
JPN_37,Cirsium kamtschaticum,185963478,81.70064,-178.512825,65.09803771972656,1
JPN_37,Cirsium kamtschaticum,185964957,81.89411,-178.330975,65.09803771972656,1
JPN_37,Cirsium kamtschaticum,185966437,82.088185,-178.1485,65.09803771972656,1
JPN_37,Cirsium kamtschaticum,185967916,82.282865,-177.9654,65.09803771972656,1
JPN_37,Cirsium kamtschaticum,185969396,82.47815,-177.781675,65.09803771972656,1
JPN_37,Cirsium kamtschaticum,185970875,82.67404,-177.597325,65.09803771972656,1
JPN_37,Cirsium kamtschaticum,185972355,82.870535,-177.41235,65.09803771972656,1
JPN_37,Cirsium kamtschaticum,185973834,83.067635,-177.22675,65.09803771972656,1
JPN_37,Cirsium kamtschaticum,185975314,83.26534,-177.040525,65.09803771972656,1
JPN_37,Cirsium kamtschaticum,185976793,83.46365,-176.853675,65.09803771972656,1
JPN_37,Cirsium kamtschaticum,185978273,83.662565,-176.6662,65.09803771972656,1
JPN_37,Cirsium kamtschaticum,185979752,83.862085,-176.4781,65.09803771972656,1
JPN_37,Cirsium kamtschaticum,185981232,84.06221,-176.289375,65.09803771972656,1
JPN_37,Cirsium kamtschaticum,185982711,84.26294,-176.100025,65.09803771972656,1
JPN_37,Cirsium kamtschaticum,185984191,84.464275,-175.91005,65.09803771972656,1
JPN_37,Cirsium kamtschaticum,185985670,84.666215,-175.71945,65.09803771972656,1
JPN_37,Cirsium kamtschaticum,185987150,84.86876,-175.528225,65.09803771972656,1
JPN_37,Cirsium kamtschaticum,185988629,85.07191,-175.336375,65.09803771972656,1
JPN_37,Cirsium kamtschaticum,185990109,85.275665,-175.1439,65.09803771972656,1
JPN_37,Cirsium kamtschaticum,185991588,85.480025,-174.9508,65.09803771972656,1
JPN_37,Cirsium kamtschaticum,185993068,85.68499,-174.757075,65.09803771972656,1
JPN_37,Cirsium kamtschaticum,185994547,85.89056,-174.562725,65.09803771972656,1
JPN_37,Cirsium kamtschaticum,185996027,86.096735,-174.36775,65.09803771972656,1
JPN_37,Cirsium kamtschaticum,185997506,86.303515,-174.17215,65.09803771972656,1
JPN_37,Cirsium kamtschaticum,185998986,86.5109,-173.975925,65.09803771972656,1
JPN_37,Cirsium kamtschaticum,186000465,86.71889,-173.779075,65.09803771972656,1
JPN_37,Cirsium kamtschaticum,186001945,86.927485,-173.5816,65.09803771972656,1
JPN_37,Cirsium kamtschaticum,186003424,87.136685,-173.3835,65.09803771972656,1
JPN_37,Cirsium kamtschaticum,186004904,87.34649,-173.184775,65.09803771972656,1
JPN_37,Cirsium kamtschaticum,186006383,87.5569,-172.985425,65.09803771972656,1
JPN_37,Cirsium kamtschaticum,186007863,87.767915,-172.78545,65.09803771972656,1
JPN_37,Cirsium kamtschaticum,186009342,87.979535,-172.58485,65.09803771972656,1
JPN_37,Cirsium kamtschaticum,186010822,88.19176,-172.383625,65.09803771972656,1
JPN_37,Cirsium kamtschaticum,186012301,88.40459,-172.181775,65.09803771972656,1
JPN_37,Cirsium kamtschaticum,186013781,88.618025,-171.9793,65.09803771972656,1
JPN_37,Cirsium kamtschaticum,186015260,88.832065,-171.7762,65.09803771972656,1
JPN_37,Cirsium kamtschaticum,186016740,89.04671,-171.572475,65.09803771972656,1
JPN_37,Cirsium kamtschaticum,186018219,89.26196,-171.368125,65.09803771972656,1
JPN_37,Cirsium kamtschaticum,186019699,89.477815,-171.16315,65.09803771972656,1
JPN_37,Cirsium kamtschaticum,186021178,89.694275,-170.95755,65.09803771972656,1
JPN_37,Cirsium kamtschaticum,186022658,89.91134,-170.751325,65.09803771972656,1
JPN_37,Cirsium kamtschaticum,186024137,89.988505,-170.544475,65.09803771972656,1
JPN_37,Cirsium kamtschaticum,186025617,89.988505,-170.336999,65.09803771972656,1
JPN_37,Cirsium kamtschaticum,186027096,89.988505,-170.1289,65.09803771972656,1
JPN_37,Cirsium kamtschaticum,186028576,89.988505,-169.920175,65.09803771972656,1
JPN_37,Cirsium kamtschaticum,186030055,89.988505,-169.710825,65.09803771972656,1
JPN_37,Cirsium kamtschaticum,186031535,89.988505,-169.50085,65.09803771972656,1
JPN_37,Cirsium kamtschaticum,186033014,89.988505,-169.29025,65.09803771972656,1
JPN_37,Cirsium kamtschaticum,186034494,89.988505,-169.079025,65.09803771972656,1
JPN_37,Cirsium kamtschaticum,186035973,89.988505,-168.867175,65.09803771972656,1
JPN_37,Cirsium kamtschaticum,186037453,89.988505,-168.6547,65.09803771972656,1
JPN_37,Cirsium kamtschaticum,186038932,89.988505,-168.4416,65.09803771972656,1
JPN_37,Cirsium kamtschaticum,186040412,89.988505,-168.227875,65.09803771972656,1
JPN_37,Cirsium kamtschaticum,186041891,89.988505,-168.013525,65.09803771972656,1
JPN_37,Cirsium kamtschaticum,186043371,89.988505,-167.79855,65.09803771972656,1
JPN_37,Cirsium kamtschaticum,186044850,89.988505,-167.58295,65.09803771972656,1
JPN_37,Cirsium kamtschaticum,186046330,89.988505,-167.366725,65.09803771972656,1
JPN_37,Cirsium kamtschaticum,186047809,89.988505,-167.149875,65.09803771972656,1
JPN_37,Cirsium kamtschaticum,186049289,89.988505,-166.9324,65.09803771972656,1
JPN_37,Cirsium kamtschaticum,186050768,89.988505,-166.7143,65.09803771972656,1
JPN_37,Cirsium kamtschaticum,186052248,89.988505,-166.495575,65.09803771972656,1
JPN_37,Cirsium kamtschaticum,186053727,89.988505,-166.276225,65.09803771972656,1
JPN_37,Cirsium kamtschaticum,186055207,89.988505,-166.05625,65.09803771972656,1
JPN_37,Cirsium kamtschaticum,186056686,89.988505,-165.83565,65.09803771972656,1
JPN_37,Cirsium kamtschaticum,186058166,89.988505,-165.614425,65.09803771972656,1
JPN_37,Cirsium kamtschaticum,186059645,89.988505,-165.392575,65.09803771972656,1
JPN_37,Cirsium kamtschaticum,186061125,89.988505,-165.1701,65.09803771972656,1
JPN_37,Cirsium kamtschaticum,186062604,89.988505,-164.947,65.09803771972656,1
JPN_37,Cirsium kamtschaticum,186064084,89.988505,-164.723275,65.09803771972656,1
JPN_37,Cirsium kamtschaticum,186065563,89.988505,-164.498925,65.09803771972656,1
JPN_37,Cirsium kamtschaticum,186067043,89.988505,-164.27395,65.09803771972656,1
JPN_37,Cirsium kamtschaticum,186068522,89.988505,-164.04835,65.09803771972656,1
JPN_37,Cirsium kamtschaticum,186070002,89.988505,-163.822125,65.09803771972656,1
JPN_37,Cirsium kamtschaticum,186071481,89.988505,-163.595275,65.09803771972656,1
JPN_37,Cirsium kamtschaticum,186072961,89.988505,-163.3678,65.09803771972656,1
JPN_37,Cirsium kamtschaticum,186074440,89.988505,-163.1397,65.09803771972656,1
JPN_37,Cirsium kamtschaticum,186075920,89.988505,-162.910975,65.09803771972656,1
JPN_37,Cirsium kamtschaticum,186077399,89.988505,-162.681625,65.09803771972656,1
JPN_37,Cirsium kamtschaticum,186078879,89.988505,-162.45165,65.09803771972656,1
JPN_37,Cirsium kamtschaticum,186080358,89.988505,-162.22105,65.09803771972656,1
JPN_37,Cirsium kamtschaticum,186081838,89.988505,-161.989825,65.09803771972656,1
JPN_37,Cirsium kamtschaticum,186083317,89.988505,-161.757975,65.09803771972656,1
JPN_37,Cirsium kamtschaticum,186084797,89.988505,-161.5255,65.09803771972656,1
JPN_37,Cirsium kamtschaticum,186086276,89.988505,-161.2924,65.09803771972656,1
JPN_37,Cirsium kamtschaticum,186087756,89.988505,-161.058675,65.09803771972656,1
JPN_37,Cirsium kamtschaticum,186089235,89.988505,-160.824325,65.09803771972656,1
JPN_37,Cirsium kamtschaticum,186090715,89.988505,-160.58935,65.09803771972656,1
JPN_37,Cirsium kamtschaticum,186092194,89.988505,-160.35375,65.09803771972656,1
JPN_37,Cirsium kamtschaticum,186093674,89.988505,-160.117525,65.09803771972656,1
JPN_37,Cirsium kamtschaticum,186095153,89.988505,-159.880675,65.09803771972656,1
JPN_37,Cirsium kamtschaticum,186096633,89.988505,-159.6432,65.09803771972656,1
JPN_37,Cirsium kamtschaticum,186098112,89.988505,-159.4051,65.09803771972656,1
JPN_37,Cirsium kamtschaticum,186099592,89.988505,-159.166375,65.09803771972656,1
JPN_37,Cirsium kamtschaticum,186101071,89.988505,-158.927025,65.09803771972656,1
JPN_37,Cirsium kamtschaticum,186102551,89.988505,-158.68705,65.09803771972656,1
JPN_37,Cirsium kamtschaticum,186104030,89.988505,-158.44645,65.09803771972656,1
JPN_37,Cirsium kamtschaticum,186105510,89.988505,-158.205225,65.09803771972656,1
JPN_37,Cirsium kamtschaticum,186106989,89.988505,-157.963375,65.09803771972656,1
JPN_37,Cirsium kamtschaticum,186108469,89.988505,-157.7209,65.09803771972656,1
JPN_37,Cirsium kamtschaticum,186109948,89.988505,-157.4778,65.09803771972656,1
JPN_37,Cirsium kamtschaticum,186111428,89.988505,-157.234075,65.09803771972656,1
JPN_37,Cirsium kamtschaticum,186112907,89.988505,-156.989725,65.09803771972656,1
JPN_37,Cirsium kamtschaticum,186114387,89.988505,-156.74475,65.09803771972656,1
JPN_37,Cirsium kamtschaticum,186115866,89.988505,-156.49915,65.09803771972656,1
JPN_37,Cirsium kamtschaticum,186117346,89.988505,-156.252925,65.09803771972656,1
JPN_37,Cirsium kamtschaticum,186118825,89.988505,-156.006075,65.09803771972656,1
JPN_37,Cirsium kamtschaticum,186120305,89.988505,-155.7586,65.09803771972656,1
JPN_37,Cirsium kamtschaticum,186121784,89.988505,-155.5105,65.09803771972656,1
JPN_37,Cirsium kamtschaticum,186123264,89.988505,-155.261775,65.09803771972656,1
JPN_37,Cirsium kamtschaticum,186124743,89.988505,-155.012425,65.09803771972656,1
JPN_37,Cirsium kamtschaticum,186126223,89.988505,-154.76245,65.09803771972656,1
JPN_37,Cirsium kamtschaticum,186127702,89.988505,-154.51185,65.09803771972656,1
JPN_37,Cirsium kamtschaticum,186129182,89.988505,-154.260625,65.09803771972656,1
JPN_37,Cirsium kamtschaticum,186130661,89.988505,-154.008775,65.09803771972656,1
JPN_37,Cirsium kamtschaticum,186132141,89.988505,-153.7563,65.09803771972656,1
JPN_37,Cirsium kamtschaticum,186133620,89.988505,-153.5032,65.09803771972656,1
JPN_37,Cirsium kamtschaticum,186135100,89.988505,-153.249475,65.09803771972656,1
JPN_37,Cirsium kamtschaticum,186136579,89.988505,-152.995125,65.09803771972656,1
JPN_37,Cirsium kamtschaticum,186138059,89.988505,-152.74015,65.09803771972656,1
JPN_37,Cirsium kamtschaticum,186139538,89.988505,-152.48455,65.09803771972656,1
JPN_37,Cirsium kamtschaticum,186141018,89.988505,-152.228325,65.09803771972656,1
JPN_37,Cirsium kamtschaticum,186142497,89.988505,-151.971475,65.09803771972656,1
JPN_37,Cirsium kamtschaticum,186143977,89.988505,-151.713999,65.09803771972656,1
JPN_37,Cirsium kamtschaticum,186145456,89.988505,-151.4559,65.09803771972656,1
JPN_37,Cirsium kamtschaticum,186146936,89.988505,-151.197175,65.09803771972656,1
JPN_37,Cirsium kamtschaticum,186148415,89.988505,-150.937825,65.09803771972656,1
JPN_37,Cirsium kamtschaticum,186149895,89.988505,-150.67785,65.09803771972656,1
JPN_37,Cirsium kamtschaticum,186151374,89.988505,-150.41725,65.09803771972656,1
JPN_37,Cirsium kamtschaticum,186152854,89.988505,-150.156025,65.09803771972656,1
JPN_37,Cirsium kamtschaticum,186154333,89.988505,-149.894175,65.09803771972656,1
JPN_37,Cirsium kamtschaticum,186155813,89.988505,-149.6317,65.09803771972656,1
JPN_37,Cirsium kamtschaticum,186157292,89.988505,-149.3686,65.09803771972656,1
JPN_37,Cirsium kamtschaticum,186158772,89.988505,-149.104875,65.09803771972656,1
JPN_37,Cirsium kamtschaticum,186160251,89.988505,-148.840525,65.09803771972656,1
JPN_37,Cirsium kamtschaticum,186161731,89.988505,-148.57555,65.09803771972656,1
JPN_37,Cirsium kamtschaticum,186163210,89.988505,-148.30995,65.09803771972656,1
JPN_37,Cirsium kamtschaticum,186164690,89.988505,-148.043725,65.09803771972656,1
JPN_37,Cirsium kamtschaticum,186166169,89.988505,-147.776875,65.09803771972656,1
JPN_37,Cirsium kamtschaticum,186167649,89.988505,-147.5094,65.09803771972656,1
JPN_37,Cirsium kamtschaticum,186169128,89.988505,-147.2413,65.09803771972656,1
JPN_37,Cirsium kamtschaticum,186170608,89.988505,-146.972575,65.09803771972656,1
JPN_37,Cirsium kamtschaticum,186172087,89.988505,-146.703225,65.09803771972656,1
JPN_37,Cirsium kamtschaticum,186173567,89.988505,-146.43325,65.09803771972656,1
JPN_37,Cirsium kamtschaticum,186175046,89.988505,-146.16265,65.09803771972656,1
JPN_37,Cirsium kamtschaticum,186176526,89.988505,-145.891425,65.09803771972656,1
JPN_37,Cirsium kamtschaticum,186178005,89.988505,-145.619575,65.09803771972656,1
JPN_37,Cirsium kamtschaticum,186179485,89.988505,-145.3471,65.09803771972656,1
JPN_37,Cirsium kamtschaticum,186180964,89.988505,-145.073999,65.09803771972656,1
JPN_37,Cirsium kamtschaticum,186182444,89.988505,-144.800275,65.09803771972656,1
JPN_37,Cirsium kamtschaticum,186183923,89.988505,-144.525925,65.09803771972656,1
JPN_37,Cirsium kamtschaticum,186185403,89.988505,-144.25095,65.09803771972656,1
JPN_37,Cirsium kamtschaticum,186186882,89.988505,-143.97535,65.09803771972656,1
JPN_37,Cirsium kamtschaticum,186188362,89.988505,-143.699125,65.09803771972656,1
JPN_37,Cirsium kamtschaticum,186189841,89.988505,-143.422275,65.09803771972656,1
JPN_37,Cirsium kamtschaticum,186191321,89.988505,-143.1448,65.09803771972656,1
JPN_37,Cirsium kamtschaticum,186192800,89.988505,-142.8667,65.09803771972656,1
JPN_37,Cirsium kamtschaticum,186194280,89.988505,-142.588,65.09803771972656,1
JPN_37,Cirsium kamtschaticum,186195759,89.988505,-142.30865,65.09803771972656,1
JPN_37,Cirsium kamtschaticum,186197239,89.988505,-142.028675,65.09803771972656,1
JPN_37,Cirsium kamtschaticum,186198718,89.988505,-141.748075,65.09803771972656,1
JPN_37,Cirsium kamtschaticum,186200198,89.988505,-141.46685,65.09803771972656,1
JPN_37,Cirsium kamtschaticum,186201677,89.988505,-141.185,65.09803771972656,1
JPN_37,Cirsium kamtschaticum,186203157,89.988505,-140.902525,65.09803771972656,1
JPN_37,Cirsium kamtschaticum,186204636,89.988505,-140.619425,65.09803771972656,1
JPN_37,Cirsium kamtschaticum,186206116,89.988505,-140.3357,65.09803771972656,1
JPN_37,Cirsium kamtschaticum,186207595,89.988505,-140.05135,65.09803771972656,1
JPN_37,Cirsium kamtschaticum,186209075,89.988505,-139.766375,65.09803771972656,1
JPN_37,Cirsium kamtschaticum,186210554,89.988505,-139.480775,65.09803771972656,1
JPN_37,Cirsium kamtschaticum,186212034,89.988505,-139.19455,65.09803771972656,1
JPN_37,Cirsium kamtschaticum,186213513,89.988505,-138.9077,65.09803771972656,1
JPN_37,Cirsium kamtschaticum,186214993,89.988505,-138.620225,65.09803771972656,1
JPN_37,Cirsium kamtschaticum,186216472,89.988505,-138.332125,65.09803771972656,1
JPN_37,Cirsium kamtschaticum,186217952,89.988505,-138.0434,65.09803771972656,1
JPN_37,Cirsium kamtschaticum,186219431,89.988505,-137.75405,65.09803771972656,1
JPN_37,Cirsium kamtschaticum,186220911,89.988505,-137.464075,65.09803771972656,1
JPN_37,Cirsium kamtschaticum,186222390,89.988505,-137.173475,65.09803771972656,1
JPN_37,Cirsium kamtschaticum,186223870,89.988505,-136.88225,65.09803771972656,1
JPN_37,Cirsium kamtschaticum,186225349,89.988505,-136.5904,65.09803771972656,1
JPN_37,Cirsium kamtschaticum,186226829,89.988505,-136.297925,65.09803771972656,1
JPN_37,Cirsium kamtschaticum,186228308,89.988505,-136.004825,65.09803771972656,1
JPN_37,Cirsium kamtschaticum,186229788,89.988505,-135.7111,65.09803771972656,1
JPN_37,Cirsium kamtschaticum,186231267,89.988505,-135.41675,65.09803771972656,1
JPN_37,Cirsium kamtschaticum,186232747,89.988505,-135.121775,65.09803771972656,1
JPN_37,Cirsium kamtschaticum,186234226,89.988505,-134.826175,65.09803771972656,1
JPN_37,Cirsium kamtschaticum,186235706,89.988505,-134.52995,65.09803771972656,1
JPN_37,Cirsium kamtschaticum,186237185,89.988505,-134.2331,65.09803771972656,1
JPN_37,Cirsium kamtschaticum,186238665,89.988505,-133.935625,65.09803771972656,1
JPN_37,Cirsium kamtschaticum,186240144,89.988505,-133.637525,65.09803771972656,1
JPN_37,Cirsium kamtschaticum,186241624,89.988505,-133.3388,65.09803771972656,1
JPN_37,Cirsium kamtschaticum,186243103,89.988505,-133.03945,65.09803771972656,1
JPN_37,Cirsium kamtschaticum,186244583,89.988505,-132.739475,65.09803771972656,1
JPN_37,Cirsium kamtschaticum,186246062,89.988505,-132.438875,65.09803771972656,1
JPN_37,Cirsium kamtschaticum,186247542,89.988505,-132.13765,65.09803771972656,1
JPN_37,Cirsium kamtschaticum,186249021,89.988505,-131.8358,65.09803771972656,1
JPN_37,Cirsium kamtschaticum,186250501,89.988505,-131.533325,65.09803771972656,1
JPN_37,Cirsium kamtschaticum,186251980,89.988505,-131.230225,65.09803771972656,1
JPN_37,Cirsium kamtschaticum,186253460,89.988505,-130.9265,65.09803771972656,1
JPN_37,Cirsium kamtschaticum,186254939,89.988505,-130.62215,65.09803771972656,1
JPN_37,Cirsium kamtschaticum,186256419,89.988505,-130.317175,65.09803771972656,1
JPN_37,Cirsium kamtschaticum,186257898,89.988505,-130.011575,65.09803771972656,1
JPN_37,Cirsium kamtschaticum,186259378,89.988505,-129.70535,65.09803771972656,1
JPN_37,Cirsium kamtschaticum,186260857,89.988505,-129.3985,65.09803771972656,1
JPN_37,Cirsium kamtschaticum,186262337,89.988505,-129.091025,65.09803771972656,1
JPN_37,Cirsium kamtschaticum,186263816,89.988505,-128.782925,65.09803771972656,1
JPN_37,Cirsium kamtschaticum,186265296,89.988505,-128.4742,65.09803771972656,1
JPN_37,Cirsium kamtschaticum,186266775,89.988505,-128.16485,65.09803771972656,1
JPN_37,Cirsium kamtschaticum,186268255,89.988505,-127.854875,65.09803771972656,1
JPN_37,Cirsium kamtschaticum,186269734,89.988505,-127.544275,65.09803771972656,1
JPN_37,Cirsium kamtschaticum,186271214,89.988505,-127.23305,65.09803771972656,1
JPN_37,Cirsium kamtschaticum,186272693,89.988505,-126.9212,65.09803771972656,1
JPN_37,Cirsium kamtschaticum,186274173,89.988505,-126.608725,65.09803771972656,1
JPN_37,Cirsium kamtschaticum,186275652,89.988505,-126.295625,65.09803771972656,1
JPN_37,Cirsium kamtschaticum,186277132,89.988505,-125.9819,65.09803771972656,1
JPN_37,Cirsium kamtschaticum,186278611,89.988505,-125.66755,65.09803771972656,1
JPN_37,Cirsium kamtschaticum,186280091,89.988505,-125.352575,65.09803771972656,1
JPN_37,Cirsium kamtschaticum,186281570,89.988505,-125.036975,65.09803771972656,1
JPN_37,Cirsium kamtschaticum,186283050,89.988505,-124.72075,65.09803771972656,1
JPN_37,Cirsium kamtschaticum,186284529,89.988505,-124.4039,65.09803771972656,1
JPN_37,Cirsium kamtschaticum,186286009,89.988505,-124.086425,65.09803771972656,1
JPN_37,Cirsium kamtschaticum,186287488,89.988505,-123.768325,65.09803771972656,1
JPN_37,Cirsium kamtschaticum,186288968,89.988505,-123.4496,65.09803771972656,1
JPN_37,Cirsium kamtschaticum,186290447,89.988505,-123.13025,65.09803771972656,1
JPN_37,Cirsium kamtschaticum,186291927,89.988505,-122.810275,65.09803771972656,1
JPN_37,Cirsium kamtschaticum,186293406,89.988505,-122.489675,65.09803771972656,1
JPN_37,Cirsium kamtschaticum,186294886,89.988505,-122.16845,65.09803771972656,1
JPN_37,Cirsium kamtschaticum,186296365,89.988505,-121.8466,65.09803771972656,1
JPN_37,Cirsium kamtschaticum,186297845,89.988505,-121.524125,65.09803771972656,1
JPN_37,Cirsium kamtschaticum,186299324,89.988505,-121.201025,65.09803771972656,1
JPN_37,Cirsium kamtschaticum,186300804,89.988505,-120.8773,65.09803771972656,1
JPN_37,Cirsium kamtschaticum,186302283,89.988505,-120.55295,65.09803771972656,1
JPN_37,Cirsium kamtschaticum,186303763,89.988505,-120.227975,65.09803771972656,1
JPN_37,Cirsium kamtschaticum,186305242,89.988505,-119.902375,65.09803771972656,1
JPN_37,Cirsium kamtschaticum,186306722,89.988505,-119.57615,65.09803771972656,1
JPN_37,Cirsium kamtschaticum,186308201,89.988505,-119.2493,65.09803771972656,1
JPN_37,Cirsium kamtschaticum,186309681,89.988505,-118.921825,65.09803771972656,1
JPN_37,Cirsium kamtschaticum,186311160,89.988505,-118.593725,65.09803771972656,1
JPN_37,Cirsium kamtschaticum,186312640,89.988505,-118.264999,65.09803771972656,1
JPN_37,Cirsium kamtschaticum,186314119,89.988505,-117.93565,65.09803771972656,1
JPN_37,Cirsium kamtschaticum,186315599,89.988505,-117.605675,65.09803771972656,1
JPN_37,Cirsium kamtschaticum,186317078,89.988505,-117.275075,65.09803771972656,1
JPN_37,Cirsium kamtschaticum,186318558,89.988505,-116.94385,65.09803771972656,1
JPN_37,Cirsium kamtschaticum,186320037,89.988505,-116.612,65.09803771972656,1
JPN_37,Cirsium kamtschaticum,186321517,89.988505,-116.279525,65.09803771972656,1
JPN_37,Cirsium kamtschaticum,186322996,89.988505,-115.946425,65.09803771972656,1
JPN_37,Cirsium kamtschaticum,186324476,89.988505,-115.6127,65.09803771972656,1
JPN_37,Cirsium kamtschaticum,186325955,89.988505,-115.27835,65.09803771972656,1
JPN_37,Cirsium kamtschaticum,186327435,89.988505,-114.943375,65.09803771972656,1
JPN_37,Cirsium kamtschaticum,186328914,89.988505,-114.607775,65.09803771972656,1
JPN_37,Cirsium kamtschaticum,186330394,89.988505,-114.27155,65.09803771972656,1
JPN_37,Cirsium kamtschaticum,186331873,89.988505,-113.9347,65.09803771972656,1
JPN_37,Cirsium kamtschaticum,186333353,89.988505,-113.597225,65.09803771972656,1
JPN_37,Cirsium kamtschaticum,186334832,89.988505,-113.259125,65.09803771972656,1
JPN_37,Cirsium kamtschaticum,186336312,89.988505,-112.9204,65.09803771972656,1
JPN_37,Cirsium kamtschaticum,186337791,89.988505,-112.58105,65.09803771972656,1
JPN_37,Cirsium kamtschaticum,186339271,89.988505,-112.241075,65.09803771972656,1
JPN_37,Cirsium kamtschaticum,186340750,89.988505,-111.900475,65.09803771972656,1
JPN_37,Cirsium kamtschaticum,186342230,89.988505,-111.55925,65.09803771972656,1
JPN_37,Cirsium kamtschaticum,186343709,89.988505,-111.2174,65.09803771972656,1
JPN_37,Cirsium kamtschaticum,186345189,89.988505,-110.874925,65.09803771972656,1
JPN_37,Cirsium kamtschaticum,186346668,89.988505,-110.531825,65.09803771972656,1
JPN_37,Cirsium kamtschaticum,186348148,89.988505,-110.1881,65.09803771972656,1
JPN_37,Cirsium kamtschaticum,186349627,89.988505,-109.84375,65.09803771972656,1
JPN_37,Cirsium kamtschaticum,186351107,89.988505,-109.498775,65.09803771972656,1
JPN_37,Cirsium kamtschaticum,186352586,89.988505,-109.153175,65.09803771972656,1
JPN_37,Cirsium kamtschaticum,186354066,89.988505,-108.80695,65.09803771972656,1
JPN_37,Cirsium kamtschaticum,186355545,89.988505,-108.4601,65.09803771972656,1
JPN_37,Cirsium kamtschaticum,186357025,89.988505,-108.112625,65.09803771972656,1
JPN_37,Cirsium kamtschaticum,186358504,89.988505,-107.764525,65.09803771972656,1
JPN_37,Cirsium kamtschaticum,186359984,89.988505,-107.4158,65.09803771972656,1
JPN_37,Cirsium kamtschaticum,186361463,89.988505,-107.06645,65.09803771972656,1
JPN_37,Cirsium kamtschaticum,186362943,89.988505,-106.716475,65.09803771972656,1
JPN_37,Cirsium kamtschaticum,186364422,89.988505,-106.365875,65.09803771972656,1
JPN_37,Cirsium kamtschaticum,186365902,89.988505,-106.01465,65.09803771972656,1
JPN_37,Cirsium kamtschaticum,186367381,89.988505,-105.6628,65.09803771972656,1
JPN_37,Cirsium kamtschaticum,186368861,89.988505,-105.310325,65.09803771972656,1
JPN_37,Cirsium kamtschaticum,186370340,89.988505,-104.957225,65.09803771972656,1
JPN_37,Cirsium kamtschaticum,186371820,89.988505,-104.6035,65.09803771972656,1
JPN_37,Cirsium kamtschaticum,186373299,89.988505,-104.24915,65.09803771972656,1
JPN_37,Cirsium kamtschaticum,186374779,89.988505,-103.894175,65.09803771972656,1
JPN_37,Cirsium kamtschaticum,186376258,89.988505,-103.538575,65.09803771972656,1
JPN_37,Cirsium kamtschaticum,186377738,89.988505,-103.18235,65.09803771972656,1
JPN_37,Cirsium kamtschaticum,186379217,89.988505,-102.8255,65.09803771972656,1
JPN_37,Cirsium kamtschaticum,186380697,89.988505,-102.468025,65.09803771972656,1
JPN_37,Cirsium kamtschaticum,186382176,89.988505,-102.109925,65.09803771972656,1
JPN_37,Cirsium kamtschaticum,186383656,89.988505,-101.7512,65.09803771972656,1
JPN_37,Cirsium kamtschaticum,186385135,89.988505,-101.39185,65.09803771972656,1
JPN_37,Cirsium kamtschaticum,186386615,89.988505,-101.031875,65.09803771972656,1
JPN_37,Cirsium kamtschaticum,186388094,89.988505,-100.671275,65.09803771972656,1
JPN_37,Cirsium kamtschaticum,186389574,89.988505,-100.31005,65.09803771972656,1
JPN_37,Cirsium kamtschaticum,186391053,89.988505,-99.9482,65.09803771972656,1
JPN_37,Cirsium kamtschaticum,186392533,89.988505,-99.585725,65.09803771972656,1
JPN_37,Cirsium kamtschaticum,186394012,89.988505,-99.222625,65.09803771972656,1
JPN_37,Cirsium kamtschaticum,186395492,89.988505,-98.8589,65.09803771972656,1
JPN_37,Cirsium kamtschaticum,186396971,89.988505,-98.49455,65.09803771972656,1
JPN_37,Cirsium kamtschaticum,186398451,89.988505,-98.129575,65.09803771972656,1
JPN_37,Cirsium kamtschaticum,186399930,89.988505,-97.763975,65.09803771972656,1
JPN_37,Cirsium kamtschaticum,186401410,89.988505,-97.39775,65.09803771972656,1
JPN_37,Cirsium kamtschaticum,186402889,89.988505,-97.0309,65.09803771972656,1
JPN_37,Cirsium kamtschaticum,186404369,89.988505,-96.663425,65.09803771972656,1
JPN_37,Cirsium kamtschaticum,186405848,89.988505,-96.295325,65.09803771972656,1
JPN_37,Cirsium kamtschaticum,186407328,89.988505,-95.9266,65.09803771972656,1
JPN_37,Cirsium kamtschaticum,186408807,89.988505,-95.55725,65.09803771972656,1
JPN_37,Cirsium kamtschaticum,186410287,89.988505,-95.187275,65.09803771972656,1
JPN_37,Cirsium kamtschaticum,186411766,89.988505,-94.816675,65.09803771972656,1
JPN_37,Cirsium kamtschaticum,186413246,89.988505,-94.44545,65.09803771972656,1
JPN_37,Cirsium kamtschaticum,186414725,89.988505,-94.0736,65.09803771972656,1
JPN_37,Cirsium kamtschaticum,186416205,89.988505,-93.701125,65.09803771972656,1
JPN_37,Cirsium kamtschaticum,186417684,89.988505,-93.327,65.09803771972656,1
JPN_37,Cirsium kamtschaticum,186419164,89.988505,-92.95225,65.09803771972656,1
JPN_37,Cirsium kamtschaticum,186420643,89.988505,-92.576875,65.09803771972656,1
JPN_37,Cirsium kamtschaticum,186422123,89.988505,-92.200875,65.09803771972656,1
JPN_37,Cirsium kamtschaticum,186423602,89.988505,-91.82425,65.09803771972656,1
JPN_37,Cirsium kamtschaticum,186425082,89.988505,-91.447,65.09803771972656,1
JPN_37,Cirsium kamtschaticum,186426561,89.988505,-91.069125,65.09803771972656,1
JPN_37,Cirsium kamtschaticum,186428041,89.988505,-90.690625,65.09803771972656,1
JPN_37,Cirsium kamtschaticum,186429520,89.988505,-90.3115,65.09803771972656,1
JPN_37,Cirsium kamtschaticum,186431000,89.988505,-89.93175,65.09803771972656,1
JPN_37,Cirsium kamtschaticum,186432479,89.988505,-89.551375,65.09803771972656,1
JPN_37,Cirsium kamtschaticum,186433959,89.988505,-89.170375,65.09803771972656,1
JPN_37,Cirsium kamtschaticum,186435438,89.988505,-88.78875,65.09803771972656,1
JPN_37,Cirsium kamtschaticum,186436918,89.988505,-88.4065,65.09803771972656,1
JPN_37,Cirsium kamtschaticum,186438397,89.988505,-88.023625,65.09803771972656,1
JPN_37,Cirsium kamtschaticum,186439877,89.988505,-87.640125,65.09803771972656,1
JPN_37,Cirsium kamtschaticum,186441356,89.988505,-87.256,65.09803771972656,1
JPN_37,Cirsium kamtschaticum,186442836,89.988505,-86.87125,65.09803771972656,1
JPN_37,Cirsium kamtschaticum,186444315,89.988505,-86.485875,65.09803771972656,1
JPN_37,Cirsium kamtschaticum,186445795,89.988505,-86.099875,65.09803771972656,1
JPN_37,Cirsium kamtschaticum,186447274,89.988505,-85.71325,65.09803771972656,1
JPN_37,Cirsium kamtschaticum,186448754,89.988505,-85.326,65.09803771972656,1
JPN_37,Cirsium kamtschaticum,186450233,89.988505,-84.938125,65.09803771972656,1
JPN_37,Cirsium kamtschaticum,186451713,89.988505,-84.549625,65.09803771972656,1
JPN_37,Cirsium kamtschaticum,186453192,89.988505,-84.1605,65.09803771972656,1
JPN_37,Cirsium kamtschaticum,186454672,89.988505,-83.77075,65.09803771972656,1
JPN_37,Cirsium kamtschaticum,186456151,89.988505,-83.380375,65.09803771972656,1
JPN_37,Cirsium kamtschaticum,186457631,89.988505,-82.989375,65.09803771972656,1
JPN_37,Cirsium kamtschaticum,186459110,89.988505,-82.59775,65.09803771972656,1
JPN_37,Cirsium kamtschaticum,186460590,89.988505,-82.2055,65.09803771972656,1
JPN_37,Cirsium kamtschaticum,186462069,89.988505,-81.812625,65.09803771972656,1
JPN_37,Cirsium kamtschaticum,186463549,89.988505,-81.419125,65.09803771972656,1
JPN_37,Cirsium kamtschaticum,186465028,89.988505,-81.025,65.09803771972656,1
JPN_37,Cirsium kamtschaticum,186466508,89.988505,-80.63025,65.09803771972656,1
JPN_37,Cirsium kamtschaticum,186467987,89.988505,-80.234875,65.09803771972656,1
JPN_37,Cirsium kamtschaticum,186469467,89.988505,-79.838875,65.09803771972656,1
JPN_37,Cirsium kamtschaticum,186470946,89.988505,-79.44225,65.09803771972656,1
JPN_37,Cirsium kamtschaticum,186472426,89.988505,-79.045,65.09803771972656,1
JPN_37,Cirsium kamtschaticum,186473905,89.988505,-78.647125,65.09803771972656,1
JPN_37,Cirsium kamtschaticum,186475385,89.988505,-78.248625,65.09803771972656,1
JPN_37,Cirsium kamtschaticum,186476864,89.988505,-77.8495,65.09803771972656,1
JPN_37,Cirsium kamtschaticum,186478344,89.988505,-77.44975,65.09803771972656,1
JPN_37,Cirsium kamtschaticum,186479823,89.988505,-77.049375,65.09803771972656,1
JPN_37,Cirsium kamtschaticum,186481303,89.988505,-76.648375,65.09803771972656,1
JPN_37,Cirsium kamtschaticum,186482782,89.988505,-76.24675,65.09803771972656,1
JPN_37,Cirsium kamtschaticum,186484262,89.988505,-75.8445,65.09803771972656,1
JPN_37,Cirsium kamtschaticum,186485741,89.988505,-75.441625,65.09803771972656,1
JPN_37,Cirsium kamtschaticum,186487221,89.988505,-75.038125,65.09803771972656,1
JPN_37,Cirsium kamtschaticum,186488700,89.988505,-74.634,65.09803771972656,1
JPN_37,Cirsium kamtschaticum,186490180,89.988505,-74.22925,65.09803771972656,1
JPN_37,Cirsium kamtschaticum,186491659,89.988505,-73.823875,65.09803771972656,1
JPN_37,Cirsium kamtschaticum,186493139,89.988505,-73.417875,65.09803771972656,1
JPN_37,Cirsium kamtschaticum,186494618,89.988505,-73.01125,65.09803771972656,1
JPN_37,Cirsium kamtschaticum,186496098,89.988505,-72.604,65.09803771972656,1
JPN_37,Cirsium kamtschaticum,186497577,89.988505,-72.196125,65.09803771972656,1
JPN_37,Cirsium kamtschaticum,186499057,89.988505,-71.787625,65.09803771972656,1
JPN_37,Cirsium kamtschaticum,186500536,89.988505,-71.3785,65.09803771972656,1
JPN_37,Cirsium kamtschaticum,186502016,89.988505,-70.96875,65.09803771972656,1
JPN_37,Cirsium kamtschaticum,186503495,89.988505,-70.558375,65.09803771972656,1
JPN_37,Cirsium kamtschaticum,186504975,89.988505,-70.147375,65.09803771972656,1
JPN_37,Cirsium kamtschaticum,186506454,89.988505,-69.73575,65.09803771972656,1
JPN_37,Cirsium kamtschaticum,186507934,89.988505,-69.3235,65.09803771972656,1
JPN_37,Cirsium kamtschaticum,186509413,89.988505,-68.910625,65.09803771972656,1
JPN_37,Cirsium kamtschaticum,186510893,89.988505,-68.497125,65.09803771972656,1
JPN_37,Cirsium kamtschaticum,186512372,89.988505,-68.083,65.09803771972656,1
JPN_37,Cirsium kamtschaticum,186513852,89.988505,-67.66825,65.09803771972656,1
JPN_37,Cirsium kamtschaticum,186515331,89.988505,-67.252875,65.09803771972656,1
JPN_37,Cirsium kamtschaticum,186516811,89.988505,-66.836875,65.09803771972656,1
JPN_37,Cirsium kamtschaticum,186518290,89.988505,-66.42025,65.09803771972656,1
JPN_37,Cirsium kamtschaticum,186519770,89.988505,-66.003,65.09803771972656,1
JPN_37,Cirsium kamtschaticum,186521249,89.988505,-65.585125,65.09803771972656,1
JPN_37,Cirsium kamtschaticum,186522729,89.988505,-65.166625,65.09803771972656,1
JPN_37,Cirsium kamtschaticum,186524208,89.988505,-64.7475,65.09803771972656,1
JPN_37,Cirsium kamtschaticum,186525688,89.988505,-64.32775,65.09803771972656,1
JPN_37,Cirsium kamtschaticum,186527167,89.988505,-63.907375,65.09803771972656,1
JPN_37,Cirsium kamtschaticum,186528647,89.988505,-63.486375,65.09803771972656,1
JPN_37,Cirsium kamtschaticum,186530126,89.988505,-63.2644483333,65.09803771972656,1
JPN_38,Cirsium pendulum,615968,37.4604633333,138.7534533333,58.039215087890625,1
JPN_38,Cirsium pendulum,892249,37.7806616667,139.17919,62.35293960571289,1
JPN_38,Cirsium pendulum,2757096,37.123765,138.21858,62.35293960571289,1
JPN_38,Cirsium pendulum,3296607,37.6137583333,139.0123016667,61.568626403808594,1
JPN_38,Cirsium pendulum,3839678,37.6186183333,139.0012166667,61.568626403808594,1
JPN_38,Cirsium pendulum,4184753,37.1088933333,138.3650466667,60.7843132019043,1
JPN_38,Cirsium pendulum,4416630,37.7748716667,139.1663183333,61.17647171020508,1
JPN_38,Cirsium pendulum,5732467,37.855895,139.2517016667,61.568626403808594,1
JPN_38,Cirsium pendulum,6320326,37.551625,139.1085066667,61.568626403808594,1
JPN_38,Cirsium pendulum,7459758,37.28404,138.8758433333,61.568626403808594,1
JPN_38,Cirsium pendulum,7861782,37.3214816667,138.7122166667,61.568626403808594,1
JPN_38,Cirsium pendulum,8464673,37.7541916667,139.21776,62.35293960571289,1
JPN_38,Cirsium pendulum,10039648,36.6515666667,138.2086816667,62.35293960571289,1
JPN_38,Cirsium pendulum,11345632,37.5947533333,139.081285,61.568626403808594,1
JPN_38,Cirsium pendulum,12771727,37.2192283333,138.4256283333,61.17647171020508,1
JPN_38,Cirsium pendulum,13375530,37.7445483333,139.2096183333,62.35293960571289,1
JPN_38,Cirsium pendulum,13725703,37.14928,138.3972766667,61.17647171020508,1
JPN_38,Cirsium pendulum,14878045,37.2316916667,138.4248,61.17647171020508,1
JPN_38,Cirsium pendulum,18462342,37.5979283333,139.08015,61.568626403808594,1
JPN_38,Cirsium pendulum,20093521,37.5743366667,139.0753933333,61.568626403808594,1
JPN_38,Cirsium pendulum,21875519,37.55019,139.11659,61.568626403808594,1
JPN_38,Cirsium pendulum,22967605,37.7630366667,139.2198816667,61.568626403808594,1
JPN_38,Cirsium pendulum,25612726,37.102205,138.3818516667,60.7843132019043,1
JPN_38,Cirsium pendulum,28293085,37.1065466667,138.3638116667,61.568626403808594,1
JPN_38,Cirsium pendulum,32556556,37.1227666667,138.2184033333,62.35293960571289,1
JPN_38,Cirsium pendulum,35124380,37.42134,138.784655,61.568626403808594,1
JPN_38,Cirsium pendulum,38805568,37.4437183333,138.7901066667,61.568626403808594,1
JPN_38,Cirsium pendulum,41571733,37.5380683333,139.0958083333,61.568626403808594,1
JPN_38,Cirsium pendulum,46905802,37.6303333333,139.0139733333,61.568626403808594,1
JPN_38,Cirsium pendulum,53260877,37.4679616667,138.751095,61.568626403808594,1
JPN_38,Cirsium pendulum,63503471,37.7747766667,139.1667316667,61.568626403808594,1
JPN_38,Cirsium pendulum,76876944,37.6716316667,139.1089533333,61.568626403808594,1
JPN_38,Cirsium pendulum,77324873,37.6181316667,139.0029366667,61.568626403808594,1
JPN_38,Cirsium pendulum,80220864,37.618455,139.0015883333,61.568626403808594,1
JPN_38,Cirsium pendulum,86843701,37.5510283333,139.107485,61.568626403808594,1
JPN_38,Cirsium pendulum,91602525,37.6209183333,139.0134866667,61.568626403808594,1
JPN_38,Cirsium pendulum,109815281,37.5464033333,139.1113183333,61.568626403808594,1
JPN_38,Cirsium pendulum,123204588,37.6262066667,139.017495,61.568626403808594,1
JPN_38,Cirsium pendulum,135844204,37.71424,139.1605966667,61.568626403808594,1
JPN_38,Cirsium pendulum,143541103,37.1460033333,138.3885183333,61.17647171020508,1
JPN_38,Cirsium pendulum,159225194,37.1870666667,138.4316083333,61.17647171020508,1
JPN_38,Cirsium pendulum,164852262,37.4167016667,138.7829533333,61.568626403808594,1
