study_id,program_cluster,taxon,publication_year,source_doi,design,fitness_scale,selection_metric,pollination_manipulated,antagonist_manipulated,strict_primary,agent_dominance,opposing_or_reinforcing_same_trait,context_dependence_or_nonadditivity,context_axis,quantitative_anchor,claim_boundary
MAS01,Gymnadenia2015,Gymnadenia conopsea,2015,10.1890/14-0119.1,factorial hand-pollination x natural herbivory manipulation,female_fitness,standardized linear selection gradients,1,1,1,similar_or_trait_dependent,1,0,relative interaction intensity,"hand pollination increased female fitness 31%; ~25% plants herbivore damaged; pollinators selected later flowering while herbivores selected earlier flowering; both selected longer spurs; agent strengths described as similar and additive",No significant trait x pollination x herbivory interaction; additive effects can still generate changing net selection as relative interaction intensity changes
MAS02,PrimulaFarinosaProgram,Primula farinosa,2013,10.1073/pnas.1301421110,grazer exclusion x pollen supplementation replicated across four sites,relative_morph_fitness,experimental relative fitness of long-vs-short scape morphs,1,1,1,mosaic_no_fixed_dominance,1,1,population interaction intensity,"pollinator-mediated selection favoured long scapes; grazer-mediated selection favoured short scapes; differences in relative interaction strength explained among-population selection and morph-frequency evolution",Selection is on a genetically based display dimorphism rather than continuous beta gradients
MAS03,Lythrum2017,Lythrum salicaria,2017,10.1093/aob/mcx026,simulated meristem herbivory x pollen supplementation,seed_fitness,standardized selection gradients/ANCOVA,1,1,1,antagonist_dominant,0,0,herbivory/tolerance state,"clipping changed selection for earlier flowering and weakened selection on inflorescence number; no difference in pollen limitation and no evidence clipping altered pollinator-mediated selection",Simulated damage tests tolerance pathway rather than consumer preference
MAS04,Trifolium2019,Trifolium repens,2019,10.1111/jeb.13392,cyanogenic defence x herbivore suppression x hand pollination,total_seed_mass,standardized selection gradients,1,1,1,antagonist_dominant,1,1,defence phenotype and herbivory,"herbivores imposed ~2.7x stronger selection than pollinators across traits; no pollen limitation; defence modified herbivore-mediated selection and pollinator effects on flowering time",Defence phenotype is an endogenous gate as well as a focal trait state
MAS05,Fragaria2021,Fragaria vesca,2021,10.1002/evl3.262,full factorial open-vs-hand pollination x herbivore addition/removal,total_seed_output,standardized selection gradients,1,1,1,pollinator_dominant,1,1,presence/ecological effect of the other agent,"pollinators implicated on 4/9 traits and herbivores on 2/9; pollinators generally stronger; opposing selection on inflorescence density; every detected regime was diffuse/context-dependent",Only 27 genotypes had complete metabolomic trait data although 81 genotypes had full replication
MAS06,Erysimum2003,Erysimum mediohispanicum,2003,10.1086/376574,ungulate exclusion with pollinator preference and fecundity pathway,seed_fecundity,selection regime comparison,0,1,0,antagonist_context_suppresses_pollinator_selection,1,1,ungulate presence,"without ungulates significant selection occurred on multiple floral/display traits; with ungulates floral selection disappeared and morphological selection weakened",Pollination was not experimentally supplemented/excluded; sensitivity evidence only
MAS07,Lobelia2012,Lobelia cardinalis,2012,10.1111/j.1469-8137.2011.04013.x,hand-pollination experiment plus herbivore path analysis,female_fitness,standardized selection gradients plus path analysis,1,0,0,pollinator_dominant,0,0,ambient herbivore variation,"pollinators caused stronger selection than three herbivore groups; herbivore effects were weak but significant on a subset of traits",Herbivores were not experimentally manipulated so agent comparison has method asymmetry
MAS08,Brassica2017,Brassica rapa,2017,10.1007/s10682-016-9878-8,cage communities with bumblebees cabbage butterflies or both,relative_seed_set,standardized selection gradients,1,1,0,mixed_dual_role_agent,1,1,pollinator community and herbivory,"phenylacetaldehyde selection in mixed treatment was 0.20±0.08 below additive expectation (P=0.009); 1-butene-4-isothiocyanate was 0.19±0.08 above additive expectation (P=0.018)",Pieris brassicae is simultaneously pollinator and herbivore so it cannot cleanly estimate separate agent dominance
MAS09,PrimulaFarinosaProgram,Primula farinosa,2018,10.1002/ecy.2470,11-year grazer exclusion with pollinator and seed-predator mediated selection,relative_morph_fitness,direct and indirect selection components,0,1,0,mosaic_no_fixed_dominance,1,1,vegetation height and time,"grazer exclusion strengthened pollinator selection for tall inflorescences and seed-predator selection for short inflorescences; indirect effects became similar to direct grazer effects late in experiment",Same long-term Primula farinosa research programme as MAS02; clustered sensitivity only
